sale_date,service_station_id,service_station_name,product,total_litres,total_amount
2025-09-02,82,Runiville,PETROL,20.0,30.4
2025-09-03,98,Roadport,PETROL,20.0,30.8
2025-09-04,135,Cripps,PETROL,40.0,59.2
2025-09-05,98,Roadport,PETROL,20.0,30.8
2025-09-05,146,Banket,DIESEL,100.0,145.0
2025-09-06,88,Seke,PETROL,20.0,30.0
2025-09-06,121,Gweru,DIESEL,60.0,87.6
2025-09-07,96,Samora,PETROL,20.0,30.2
2025-09-07,98,Roadport,PETROL,20.0,30.8
2025-09-08,98,Roadport,PETROL,20.0,30.8
2025-09-08,135,Cripps,PETROL,20.0,29.6
2025-09-09,84,Avondale,PETROL,20.0,30.0
2025-09-09,96,Samora,PETROL,20.0,30.2
2025-09-09,146,Banket,DIESEL,20.0,29.0
2025-09-10,82,Runiville,PETROL,20.0,30.4
2025-09-10,84,Avondale,PETROL,20.0,30.0
2025-09-10,92,Msasa,PETROL,20.0,30.8
2025-09-10,98,Roadport,PETROL,20.0,30.8
2025-09-10,135,Cripps,PETROL,20.0,29.6
2025-09-10,146,Banket,DIESEL,20.0,29.0
2025-09-11,121,Gweru,DIESEL,20.0,29.2
2025-09-12,96,Samora,PETROL,20.0,30.2
2025-09-12,98,Roadport,PETROL,20.0,30.8
2025-09-12,146,Banket,DIESEL,200.0,290.4
2025-09-13,102,Kirkman,PETROL,40.0,60.8
2025-09-13,121,Gweru,DIESEL,40.0,58.4
2025-09-13,121,Gweru,PETROL,40.0,60.0
2025-09-14,131,R Mugabe,DIESEL,40.0,60.0
2025-09-14,147,Chinhoyi Main,PETROL,20.0,30.6
2025-09-15,98,Roadport,PETROL,40.0,61.6
2025-09-16,98,Roadport,PETROL,20.0,30.8
2025-09-16,146,Banket,DIESEL,20.0,29.2
2025-09-17,82,Runiville,PETROL,20.0,30.4
2025-09-17,92,Msasa,PETROL,20.0,30.8
2025-09-17,98,Roadport,PETROL,20.0,30.8
2025-09-18,88,Seke,PETROL,20.0,30.0
2025-09-18,121,Gweru,DIESEL,120.0,175.2
2025-09-18,145,Sunway City,PETROL,20.0,30.2
2025-09-19,146,Banket,DIESEL,3040.0,4438.4
2025-09-20,82,Runiville,PETROL,20.0,30.4
2025-09-20,84,Avondale,PETROL,20.0,30.0
2025-09-20,135,Cripps,PETROL,40.0,59.2
2025-09-20,146,Banket,DIESEL,80.0,116.8
2025-09-20,147,Chinhoyi Main,PETROL,20.0,30.6
2025-09-21,84,Avondale,DIESEL,20.0,30.0
2025-09-22,146,Banket,DIESEL,100.0,146.0
2025-09-23,82,Runiville,PETROL,20.0,30.4
2025-09-23,146,Banket,DIESEL,40.0,58.4
2025-09-24,82,Runiville,PETROL,20.0,30.4
2025-09-24,84,Avondale,PETROL,20.0,30.0
2025-09-24,98,Roadport,PETROL,40.0,61.6
2025-09-25,149,Turnpike,PETROL,40.0,60.8
2025-09-26,84,Avondale,PETROL,40.0,60.0
2025-09-26,146,Banket,DIESEL,100.0,146.0
2025-09-27,84,Avondale,PETROL,20.0,30.0
2025-09-27,135,Cripps,PETROL,20.0,29.6
2025-09-28,84,Avondale,PETROL,40.0,60.0
2025-09-29,82,Runiville,PETROL,20.0,30.4
2025-09-29,84,Avondale,PETROL,20.0,30.0
2025-09-29,131,R Mugabe,DIESEL,20.0,30.0
2025-09-30,96,Samora,PETROL,20.0,30.4
2025-09-30,145,Sunway City,PETROL,20.0,30.4
2025-10-01,146,Banket,DIESEL,60.0,87.6
2025-10-01,147,Chinhoyi Main,DIESEL,20.0,29.4
2025-10-02,84,Avondale,PETROL,20.0,30.4
2025-10-02,88,Seke,PETROL,20.0,30.0
2025-10-03,82,Runiville,PETROL,20.0,30.4
2025-10-03,84,Avondale,PETROL,20.0,30.4
2025-10-03,135,Cripps,PETROL,20.0,29.6
2025-10-03,146,Banket,DIESEL,140.0,204.4
2025-10-03,147,Chinhoyi Main,DIESEL,20.0,29.4
2025-10-05,82,Runiville,PETROL,20.0,30.4
2025-10-05,84,Avondale,PETROL,20.0,30.4
2025-10-05,98,Roadport,PETROL,20.0,30.8
2025-10-06,84,Avondale,DIESEL,20.0,30.0
2025-10-06,92,Msasa,PETROL,20.0,30.8
2025-10-06,98,Roadport,PETROL,60.0,92.4
2025-10-06,121,Gweru,DIESEL,40.0,58.4
2025-10-07,84,Avondale,PETROL,20.0,30.4
2025-10-07,98,Roadport,PETROL,20.0,30.8
2025-10-07,140,Mutare Second Street,PETROL,20.0,29.6
2025-10-08,98,Roadport,PETROL,20.0,30.8
2025-10-08,102,Kirkman,PETROL,20.0,30.4
2025-10-08,147,Chinhoyi Main,DIESEL,20.0,29.4
2025-10-09,135,Cripps,PETROL,20.0,29.6
2025-10-10,82,Runiville,PETROL,20.0,30.4
2025-10-10,84,Avondale,DIESEL,20.0,30.0
2025-10-10,146,Banket,DIESEL,100.0,146.0
2025-10-10,147,Chinhoyi Main,DIESEL,20.0,29.8
2025-10-11,82,Runiville,DIESEL,60.0,88.8
2025-10-11,84,Avondale,PETROL,40.0,60.8
2025-10-11,98,Roadport,PETROL,20.0,30.8
2025-10-11,140,Mutare Second Street,PETROL,20.0,29.6
2025-10-12,84,Avondale,PETROL,20.0,30.4
2025-10-12,102,Kirkman,PETROL,20.0,30.4
2025-10-12,146,Banket,DIESEL,40.0,58.8
2025-10-13,84,Avondale,DIESEL,40.0,60.0
2025-10-13,84,Avondale,PETROL,20.0,30.4
2025-10-13,92,Msasa,PETROL,20.0,31.0
2025-10-13,98,Roadport,PETROL,20.0,30.8
2025-10-13,135,Cripps,PETROL,20.0,29.6
2025-10-14,82,Runiville,DIESEL,40.0,59.2
2025-10-14,84,Avondale,DIESEL,60.0,90.0
2025-10-14,84,Avondale,PETROL,20.0,30.4
2025-10-14,98,Roadport,PETROL,60.0,92.4
2025-10-14,135,Cripps,PETROL,20.0,29.6
2025-10-15,82,Runiville,DIESEL,40.0,59.2
2025-10-15,98,Roadport,PETROL,20.0,30.8
2025-10-15,146,Banket,DIESEL,20.0,29.4
2025-10-15,147,Chinhoyi Main,DIESEL,20.0,29.8
2025-10-16,84,Avondale,DIESEL,20.0,30.0
2025-10-16,84,Avondale,PETROL,20.0,30.4
2025-10-16,98,Roadport,PETROL,20.0,30.8
2025-10-17,82,Runiville,PETROL,20.0,30.4
2025-10-17,84,Avondale,PETROL,20.0,30.4
2025-10-17,98,Roadport,PETROL,20.0,30.8
2025-10-17,146,Banket,DIESEL,120.0,176.4
2025-10-18,131,R Mugabe,PETROL,20.0,30.4
2025-10-18,135,Cripps,PETROL,20.0,29.6
2025-10-19,88,Seke,PETROL,20.0,30.0
2025-10-20,82,Runiville,DIESEL,40.0,59.2
2025-10-20,82,Runiville,PETROL,20.0,30.4
2025-10-20,102,Kirkman,PETROL,20.0,30.4
2025-10-21,84,Avondale,PETROL,20.0,30.4
2025-10-21,135,Cripps,PETROL,40.0,59.2
2025-10-21,147,Chinhoyi Main,DIESEL,20.0,29.8
2025-10-22,82,Runiville,PETROL,20.0,30.4
2025-10-22,147,Chinhoyi Main,DIESEL,20.0,29.8
2025-10-23,84,Avondale,PETROL,40.0,60.8
2025-10-23,98,Roadport,PETROL,20.0,30.8
2025-10-24,84,Avondale,PETROL,20.0,30.4
2025-10-24,96,Samora,DIESEL,20.0,29.8
2025-10-24,102,Kirkman,PETROL,20.0,30.4
2025-10-24,146,Banket,DIESEL,140.0,205.8
2025-10-24,147,Chinhoyi Main,DIESEL,40.0,59.6
2025-10-25,88,Seke,PETROL,20.0,30.0
2025-10-25,102,Kirkman,PETROL,20.0,30.4
2025-10-26,84,Avondale,PETROL,20.0,30.4
2025-10-26,86,Charter,PETROL,20.0,30.6
2025-10-26,98,Roadport,PETROL,20.0,30.8
2025-10-26,135,Cripps,PETROL,40.0,59.2
2025-10-27,82,Runiville,DIESEL,80.0,118.4
2025-10-27,84,Avondale,PETROL,20.0,30.4
2025-10-27,98,Roadport,PETROL,20.0,30.8
2025-10-27,146,Banket,DIESEL,20.0,29.4
2025-10-28,82,Runiville,PETROL,20.0,30.4
2025-10-28,84,Avondale,PETROL,20.0,30.4
2025-10-28,92,Msasa,PETROL,20.0,31.0
2025-10-28,121,Gweru,DIESEL,60.0,88.2
2025-10-28,135,Cripps,PETROL,20.0,29.6
2025-10-28,146,Banket,DIESEL,20.0,29.4
2025-10-29,86,Charter,DIESEL,40.0,58.4
2025-10-29,86,Charter,PETROL,40.0,61.2
2025-10-29,146,Banket,DIESEL,80.0,117.6
2025-10-30,84,Avondale,DIESEL,20.0,30.0
2025-10-30,84,Avondale,PETROL,40.0,60.8
2025-10-30,86,Charter,DIESEL,20.0,29.2
2025-10-30,86,Charter,PETROL,40.0,61.2
2025-10-30,98,Roadport,PETROL,20.0,30.8
2025-10-31,86,Charter,DIESEL,40.0,58.4
2025-10-31,86,Charter,PETROL,20.0,30.6
2025-10-31,98,Roadport,PETROL,20.0,31.0
2025-10-31,146,Banket,DIESEL,120.0,176.4
2025-11-01,86,Charter,PETROL,20.0,30.6
2025-11-01,98,Roadport,PETROL,20.0,31.0
2025-11-01,149,Turnpike,PETROL,60.0,91.8
2025-11-02,96,Samora,PETROL,20.0,30.4
2025-11-02,146,Banket,DIESEL,20.0,29.4
2025-11-03,84,Avondale,PETROL,20.0,30.4
2025-11-03,86,Charter,DIESEL,20.0,29.2
2025-11-03,86,Charter,PETROL,20.0,30.6
2025-11-03,98,Roadport,PETROL,40.0,62.0
2025-11-03,146,Banket,DIESEL,20.0,29.4
2025-11-04,82,Runiville,PETROL,20.0,30.4
2025-11-04,84,Avondale,PETROL,20.0,30.4
2025-11-04,86,Charter,DIESEL,120.0,175.2
2025-11-05,86,Charter,DIESEL,60.0,87.6
2025-11-05,86,Charter,PETROL,120.0,183.6
2025-11-05,140,Mutare Second Street,DIESEL,20.0,28.8
2025-11-05,145,Sunway City,PETROL,20.0,30.4
2025-11-05,146,Banket,DIESEL,200.0,294.0
2025-11-06,86,Charter,DIESEL,40.0,58.4
2025-11-06,86,Charter,PETROL,20.0,30.6
2025-11-07,82,Runiville,DIESEL,20.0,29.6
2025-11-07,84,Avondale,PETROL,40.0,60.8
2025-11-07,86,Charter,DIESEL,20.0,29.2
2025-11-07,86,Charter,PETROL,80.0,122.4
2025-11-07,98,Roadport,PETROL,20.0,30.8
2025-11-07,146,Banket,DIESEL,40.0,58.8
2025-11-08,84,Avondale,DIESEL,20.0,30.0
2025-11-08,86,Charter,DIESEL,40.0,58.4
2025-11-08,86,Charter,PETROL,20.0,30.6
2025-11-08,98,Roadport,PETROL,20.0,30.8
2025-11-08,145,Sunway City,PETROL,20.0,30.4
2025-11-09,82,Runiville,PETROL,20.0,30.4
2025-11-09,84,Avondale,PETROL,60.0,91.2
2025-11-09,149,Turnpike,PETROL,20.0,30.6
2025-11-10,86,Charter,DIESEL,60.0,87.6
2025-11-10,86,Charter,PETROL,40.0,61.2
2025-11-10,88,Seke,PETROL,20.0,30.0
2025-11-10,98,Roadport,PETROL,20.0,30.8
2025-11-10,135,Cripps,PETROL,20.0,30.0
2025-11-11,86,Charter,PETROL,40.0,61.2
2025-11-11,98,Roadport,PETROL,40.0,61.6
2025-11-11,145,Sunway City,PETROL,20.0,30.4
2025-11-11,146,Banket,DIESEL,40.0,58.8
2025-11-12,135,Cripps,PETROL,20.0,30.0
2025-11-13,82,Runiville,DIESEL,20.0,29.6
2025-11-13,82,Runiville,PETROL,20.0,30.8
2025-11-13,84,Avondale,PETROL,20.0,30.8
2025-11-13,88,Seke,PETROL,20.0,30.8
2025-11-13,98,Roadport,PETROL,20.0,30.8
2025-11-13,146,Banket,DIESEL,120.0,177.6
2025-11-14,82,Runiville,DIESEL,80.0,118.4
2025-11-14,86,Charter,PETROL,20.0,30.8
2025-11-14,96,Samora,PETROL,20.0,30.8
2025-11-15,86,Charter,DIESEL,20.0,29.6
2025-11-15,98,Roadport,PETROL,20.0,30.8
2025-11-15,146,Banket,DIESEL,40.0,59.2
2025-11-17,98,Roadport,PETROL,20.0,30.8
2025-11-17,146,Banket,DIESEL,20.0,29.6
2025-11-18,82,Runiville,DIESEL,20.0,29.6
2025-11-18,84,Avondale,PETROL,40.0,61.6
2025-11-18,88,Seke,DIESEL,20.0,29.6
2025-11-18,98,Roadport,PETROL,20.0,30.8
2025-11-19,82,Runiville,PETROL,20.0,30.8
2025-11-19,86,Charter,DIESEL,40.0,59.2
2025-11-19,98,Roadport,DIESEL,40.0,59.2
2025-11-19,135,Cripps,PETROL,40.0,61.6
2025-11-19,146,Banket,DIESEL,40.0,59.2
2025-11-20,84,Avondale,PETROL,20.0,30.8
2025-11-20,102,Kirkman,DIESEL,20.0,29.6
2025-11-20,146,Banket,DIESEL,160.0,236.8
2025-11-21,86,Charter,DIESEL,40.0,59.2
2025-11-21,86,Charter,PETROL,20.0,30.6
2025-11-21,146,Banket,DIESEL,20.0,29.6
2025-11-22,82,Runiville,DIESEL,20.0,29.6
2025-11-22,84,Avondale,PETROL,20.0,30.8
2025-11-22,86,Charter,DIESEL,40.0,59.2
2025-11-22,86,Charter,PETROL,40.0,61.2
2025-11-22,88,Seke,DIESEL,20.0,29.6
2025-11-22,88,Seke,PETROL,20.0,30.4
2025-11-22,96,Samora,PETROL,20.0,30.8
2025-11-22,98,Roadport,PETROL,20.0,30.8
2025-11-23,84,Avondale,DIESEL,20.0,30.0
2025-11-23,84,Avondale,PETROL,20.0,30.8
2025-11-24,84,Avondale,PETROL,40.0,61.6
2025-11-24,86,Charter,PETROL,100.0,153.0
2025-11-24,88,Seke,PETROL,20.0,30.4
2025-11-24,98,Roadport,PETROL,20.0,30.8
2025-11-24,146,Banket,DIESEL,40.0,59.2
2025-11-25,82,Runiville,PETROL,20.0,30.8
2025-11-25,84,Avondale,PETROL,80.0,123.2
2025-11-25,86,Charter,DIESEL,80.0,118.4
2025-11-25,86,Charter,PETROL,40.0,61.2
2025-11-25,135,Cripps,DIESEL,20.0,29.6
2025-11-25,135,Cripps,PETROL,20.0,30.8
2025-11-26,84,Avondale,PETROL,20.0,30.8
2025-11-26,102,Kirkman,PETROL,20.0,30.8
2025-11-26,146,Banket,DIESEL,20.0,29.6
2025-11-26,149,Turnpike,PETROL,20.0,30.8
2025-11-27,86,Charter,DIESEL,40.0,59.2
2025-11-27,86,Charter,PETROL,40.0,61.2
2025-11-27,98,Roadport,PETROL,20.0,30.8
2025-11-27,146,Banket,DIESEL,100.0,148.0
2025-11-28,86,Charter,DIESEL,40.0,60.0
2025-11-28,98,Roadport,PETROL,20.0,30.8
2025-11-29,84,Avondale,PETROL,20.0,30.8
2025-11-29,86,Charter,DIESEL,40.0,60.0
2025-11-29,86,Charter,PETROL,40.0,61.2
2025-11-29,146,Banket,DIESEL,40.0,59.2
2025-11-30,84,Avondale,PETROL,40.0,61.6
2025-11-30,140,Mutare Second Street,PETROL,20.0,30.0
2025-12-01,84,Avondale,DIESEL,20.0,30.0
2025-12-01,84,Avondale,PETROL,20.0,30.8
2025-12-01,86,Charter,DIESEL,20.0,30.0
2025-12-01,86,Charter,PETROL,60.0,91.8
2025-12-01,102,Kirkman,PETROL,20.0,30.8
2025-12-02,84,Avondale,PETROL,40.0,61.6
2025-12-02,86,Charter,DIESEL,60.0,90.0
2025-12-02,86,Charter,PETROL,20.0,30.6
2025-12-02,96,Samora,PETROL,20.0,30.8
2025-12-02,145,Sunway City,DIESEL,20.0,30.0
2025-12-02,146,Banket,DIESEL,100.0,148.0
2025-12-02,149,Turnpike,PETROL,20.0,30.8
2025-12-03,84,Avondale,PETROL,20.0,30.8
2025-12-03,86,Charter,DIESEL,80.0,120.0
2025-12-03,86,Charter,PETROL,100.0,153.0
2025-12-04,82,Runiville,PETROL,20.0,30.8
2025-12-04,96,Samora,PETROL,20.0,30.8
2025-12-04,98,Roadport,PETROL,40.0,61.6
2025-12-04,102,Kirkman,PETROL,20.0,30.8
2025-12-04,146,Banket,DIESEL,140.0,207.2
2025-12-05,86,Charter,DIESEL,40.0,60.0
2025-12-05,149,Turnpike,DIESEL,20.0,30.0
2025-12-06,86,Charter,DIESEL,20.0,30.4
2025-12-06,86,Charter,PETROL,40.0,62.0
2025-12-06,98,Roadport,PETROL,40.0,62.4
2025-12-06,131,R Mugabe,PETROL,20.0,31.2
2025-12-06,146,Banket,DIESEL,20.0,30.0
2025-12-07,84,Avondale,PETROL,20.0,31.2
2025-12-08,86,Charter,DIESEL,100.0,152.0
2025-12-08,135,Cripps,PETROL,20.0,31.2
2025-12-08,146,Banket,DIESEL,40.0,60.0
2025-12-09,86,Charter,PETROL,40.0,62.0
2025-12-09,98,Roadport,DIESEL,40.0,60.8
2025-12-09,121,Gweru,DIESEL,20.0,30.2
2025-12-09,131,R Mugabe,DIESEL,20.0,31.2
2025-12-09,146,Banket,DIESEL,100.0,150.0
2025-12-10,82,Runiville,PETROL,20.0,31.2
2025-12-10,86,Charter,DIESEL,20.0,30.4
2025-12-10,86,Charter,PETROL,20.0,31.0
2025-12-10,98,Roadport,PETROL,20.0,31.2
2025-12-11,84,Avondale,PETROL,20.0,31.2
2025-12-11,86,Charter,DIESEL,20.0,30.4
2025-12-11,86,Charter,PETROL,20.0,31.0
2025-12-11,98,Roadport,DIESEL,20.0,30.4
2025-12-11,98,Roadport,PETROL,40.0,62.4
2025-12-11,146,Banket,DIESEL,40.0,60.0
