barcode,booklet_number,activation_date_local,company_name,coupon_status
ADD-2503-0000503,BDD-2503-0000021,2025-11-15 12:04:45,Gabu Trading Private Limited/Builders Paradise,ACTIVE
ADD-2503-0000505,BDD-2503-0000021,2025-11-15 12:04:45,Gabu Trading Private Limited/Builders Paradise,ACTIVE
ADD-2503-0000676,BDD-2503-0000028,2025-10-30 19:05:42,Banket Town Board,ACTIVE
ADD-2503-0000677,BDD-2503-0000028,2025-10-30 19:05:42,Banket Town Board,ACTIVE
ADD-2503-0000678,BDD-2503-0000028,2025-10-30 19:05:42,Banket Town Board,ACTIVE
ADD-2503-0000679,BDD-2503-0000028,2025-10-30 19:05:42,Banket Town Board,ACTIVE
ADD-2503-0000680,BDD-2503-0000028,2025-10-30 19:05:42,Banket Town Board,ACTIVE
ADD-2503-0000681,BDD-2503-0000028,2025-10-30 19:05:42,Banket Town Board,ACTIVE
ADD-2503-0000682,BDD-2503-0000028,2025-10-30 19:05:42,Banket Town Board,ACTIVE
ADD-2503-0000683,BDD-2503-0000028,2025-10-30 19:05:42,Banket Town Board,ACTIVE
ADD-2503-0000684,BDD-2503-0000028,2025-10-30 19:05:42,Banket Town Board,ACTIVE
ADD-2503-0000685,BDD-2503-0000028,2025-10-30 19:05:42,Banket Town Board,ACTIVE
ADD-2503-0000686,BDD-2503-0000028,2025-10-30 19:05:42,Banket Town Board,ACTIVE
ADD-2503-0000687,BDD-2503-0000028,2025-10-30 19:05:42,Banket Town Board,ACTIVE
ADD-2503-0000688,BDD-2503-0000028,2025-10-30 19:05:42,Banket Town Board,ACTIVE
ADD-2503-0000689,BDD-2503-0000028,2025-10-30 19:05:42,Banket Town Board,ACTIVE
ADD-2503-0000690,BDD-2503-0000028,2025-10-30 19:05:42,Banket Town Board,ACTIVE
ADD-2503-0000691,BDD-2503-0000028,2025-10-30 19:05:42,Banket Town Board,ACTIVE
ADD-2503-0000692,BDD-2503-0000028,2025-10-30 19:05:42,Banket Town Board,ACTIVE
ADD-2503-0000693,BDD-2503-0000028,2025-10-30 19:05:42,Banket Town Board,ACTIVE
ADD-2503-0000694,BDD-2503-0000028,2025-10-30 19:05:42,Banket Town Board,ACTIVE
ADD-2503-0000695,BDD-2503-0000028,2025-10-30 19:05:42,Banket Town Board,ACTIVE
ADD-2503-0000696,BDD-2503-0000028,2025-10-30 19:05:42,Banket Town Board,ACTIVE
ADD-2503-0000697,BDD-2503-0000028,2025-10-30 19:05:42,Banket Town Board,ACTIVE
ADD-2503-0000698,BDD-2503-0000028,2025-10-30 19:05:42,Banket Town Board,ACTIVE
ADD-2503-0000699,BDD-2503-0000028,2025-10-30 19:05:42,Banket Town Board,ACTIVE
ADD-2503-0000700,BDD-2503-0000028,2025-10-30 19:05:42,Banket Town Board,ACTIVE
ADD-2503-0000716,BDD-2503-0000029,2025-10-30 19:03:23,Banket Town Board,ACTIVE
ADD-2503-0000717,BDD-2503-0000029,2025-10-30 19:03:23,Banket Town Board,ACTIVE
ADD-2503-0000718,BDD-2503-0000029,2025-10-30 19:03:23,Banket Town Board,ACTIVE
ADD-2503-0000738,BDD-2503-0000030,2025-10-30 19:02:47,Banket Town Board,ACTIVE
ADD-2503-0000750,BDD-2503-0000030,2025-10-30 19:02:47,Banket Town Board,ACTIVE
ADD-2503-0000756,BDD-2503-0000031,2025-10-28 16:29:36,Gabu Trading Private Limited/Builders Paradise,ACTIVE
ADD-2503-0001334,BDD-2503-0000054,2025-10-06 12:23:59,Livestock Identification Trust,ACTIVE
ADD-2503-0001335,BDD-2503-0000054,2025-10-06 12:23:59,Livestock Identification Trust,ACTIVE
ADD-2503-0001336,BDD-2503-0000054,2025-10-06 12:23:59,Livestock Identification Trust,ACTIVE
ADD-2503-0001337,BDD-2503-0000054,2025-10-06 12:23:59,Livestock Identification Trust,ACTIVE
ADD-2503-0001338,BDD-2503-0000054,2025-10-06 12:23:59,Livestock Identification Trust,ACTIVE
ADD-2503-0001339,BDD-2503-0000054,2025-10-06 12:23:59,Livestock Identification Trust,ACTIVE
ADD-2503-0001340,BDD-2503-0000054,2025-10-06 12:23:59,Livestock Identification Trust,ACTIVE
ADD-2503-0001341,BDD-2503-0000054,2025-10-06 12:23:59,Livestock Identification Trust,ACTIVE
ADD-2503-0001342,BDD-2503-0000054,2025-10-06 12:23:59,Livestock Identification Trust,ACTIVE
ADD-2503-0001343,BDD-2503-0000054,2025-10-06 12:23:59,Livestock Identification Trust,ACTIVE
ADD-2503-0001344,BDD-2503-0000054,2025-10-06 12:23:59,Livestock Identification Trust,ACTIVE
ADD-2503-0001345,BDD-2503-0000054,2025-10-06 12:23:59,Livestock Identification Trust,ACTIVE
ADD-2503-0001346,BDD-2503-0000054,2025-10-06 12:23:59,Livestock Identification Trust,ACTIVE
ADD-2503-0001347,BDD-2503-0000054,2025-10-06 12:23:59,Livestock Identification Trust,ACTIVE
ADD-2503-0001348,BDD-2503-0000054,2025-10-06 12:23:59,Livestock Identification Trust,ACTIVE
ADD-2503-0001349,BDD-2503-0000054,2025-10-06 12:23:59,Livestock Identification Trust,ACTIVE
ADD-2503-0001350,BDD-2503-0000054,2025-10-06 12:23:59,Livestock Identification Trust,ACTIVE
ADD-2503-0001371,BDD-2503-0000055,2025-09-24 11:11:12,Track It Pvt Ltd,ACTIVE
ADD-2503-0001372,BDD-2503-0000055,2025-09-24 11:11:12,Track It Pvt Ltd,ACTIVE
ADD-2503-0001373,BDD-2503-0000055,2025-09-24 11:11:12,Track It Pvt Ltd,ACTIVE
ADD-2503-0001374,BDD-2503-0000055,2025-09-24 11:11:12,Track It Pvt Ltd,ACTIVE
ADD-2503-0001375,BDD-2503-0000055,2025-09-24 11:11:12,Track It Pvt Ltd,ACTIVE
ABD-2503-0002581,BBD-2503-0000104,2025-09-25 16:12:49,Sharon School,ACTIVE
ABD-2503-0002585,BBD-2503-0000104,2025-09-25 16:12:49,Sharon School,ACTIVE
ABD-2503-0002590,BBD-2503-0000104,2025-09-25 16:12:49,Sharon School,ACTIVE
ABD-2503-0002631,BBD-2503-0000106,2025-10-31 18:07:28,Apex Vouchers,ACTIVE
ABD-2503-0002632,BBD-2503-0000106,2025-10-31 18:07:28,Apex Vouchers,ACTIVE
ABD-2503-0002633,BBD-2503-0000106,2025-10-31 18:07:28,Apex Vouchers,ACTIVE
ABD-2503-0002634,BBD-2503-0000106,2025-10-31 18:07:28,Apex Vouchers,ACTIVE
ABD-2503-0002635,BBD-2503-0000106,2025-10-31 18:07:28,Apex Vouchers,ACTIVE
ABD-2503-0002636,BBD-2503-0000106,2025-10-31 18:07:28,Apex Vouchers,ACTIVE
ABD-2503-0002637,BBD-2503-0000106,2025-10-31 18:07:28,Apex Vouchers,ACTIVE
ABD-2503-0002638,BBD-2503-0000106,2025-10-31 18:07:28,Apex Vouchers,ACTIVE
ABD-2503-0002639,BBD-2503-0000106,2025-10-31 18:07:28,Apex Vouchers,ACTIVE
ABD-2503-0002640,BBD-2503-0000106,2025-10-31 18:07:28,Apex Vouchers,ACTIVE
ABD-2503-0002641,BBD-2503-0000106,2025-10-31 18:07:28,Apex Vouchers,ACTIVE
ABD-2503-0002642,BBD-2503-0000106,2025-10-31 18:07:28,Apex Vouchers,ACTIVE
ABD-2503-0002643,BBD-2503-0000106,2025-10-31 18:07:28,Apex Vouchers,ACTIVE
ABD-2503-0002644,BBD-2503-0000106,2025-10-31 18:07:28,Apex Vouchers,ACTIVE
ABD-2503-0002645,BBD-2503-0000106,2025-10-31 18:07:28,Apex Vouchers,ACTIVE
ABD-2503-0002646,BBD-2503-0000106,2025-10-31 18:07:28,Apex Vouchers,ACTIVE
ABD-2503-0002647,BBD-2503-0000106,2025-10-31 18:07:28,Apex Vouchers,ACTIVE
ABD-2503-0002648,BBD-2503-0000106,2025-10-31 18:07:28,Apex Vouchers,ACTIVE
ABD-2503-0002649,BBD-2503-0000106,2025-10-31 18:07:28,Apex Vouchers,ACTIVE
ABD-2503-0002650,BBD-2503-0000106,2025-10-31 18:07:28,Apex Vouchers,ACTIVE
ABD-2503-0002661,BBD-2503-0000107,2025-11-07 18:56:51,Synergy Harare Car Rental,ACTIVE
ABD-2503-0002664,BBD-2503-0000107,2025-11-07 18:56:51,Synergy Harare Car Rental,ACTIVE
ABD-2503-0002665,BBD-2503-0000107,2025-11-07 18:56:51,Synergy Harare Car Rental,ACTIVE
ABD-2503-0002666,BBD-2503-0000107,2025-11-07 18:56:51,Synergy Harare Car Rental,ACTIVE
ABD-2503-0002669,BBD-2503-0000107,2025-11-07 18:56:51,Synergy Harare Car Rental,ACTIVE
ABD-2503-0002673,BBD-2503-0000107,2025-11-07 18:56:51,Synergy Harare Car Rental,ACTIVE
ABD-2503-0002674,BBD-2503-0000107,2025-11-07 18:56:51,Synergy Harare Car Rental,ACTIVE
ABD-2503-0002701,BBD-2503-0000109,2025-12-04 19:14:46,Synergy Harare Car Rental,ACTIVE
ABD-2503-0002702,BBD-2503-0000109,2025-12-04 19:14:46,Synergy Harare Car Rental,ACTIVE
ABD-2503-0002703,BBD-2503-0000109,2025-12-04 19:14:46,Synergy Harare Car Rental,ACTIVE
ABD-2503-0002704,BBD-2503-0000109,2025-12-04 19:14:46,Synergy Harare Car Rental,ACTIVE
ABD-2503-0002705,BBD-2503-0000109,2025-12-04 19:14:46,Synergy Harare Car Rental,ACTIVE
ABD-2503-0002706,BBD-2503-0000109,2025-12-04 19:14:46,Synergy Harare Car Rental,ACTIVE
ABD-2503-0002707,BBD-2503-0000109,2025-12-04 19:14:46,Synergy Harare Car Rental,ACTIVE
ABD-2503-0002708,BBD-2503-0000109,2025-12-04 19:14:46,Synergy Harare Car Rental,ACTIVE
ABD-2503-0002709,BBD-2503-0000109,2025-12-04 19:14:46,Synergy Harare Car Rental,ACTIVE
ABD-2503-0002710,BBD-2503-0000109,2025-12-04 19:14:46,Synergy Harare Car Rental,ACTIVE
ABD-2503-0002711,BBD-2503-0000109,2025-12-04 19:14:46,Synergy Harare Car Rental,ACTIVE
ABD-2503-0002712,BBD-2503-0000109,2025-12-04 19:14:46,Synergy Harare Car Rental,ACTIVE
ABD-2503-0002713,BBD-2503-0000109,2025-12-04 19:14:46,Synergy Harare Car Rental,ACTIVE
ABD-2503-0002714,BBD-2503-0000109,2025-12-04 19:14:46,Synergy Harare Car Rental,ACTIVE
ABD-2503-0002715,BBD-2503-0000109,2025-12-04 19:14:46,Synergy Harare Car Rental,ACTIVE
ABD-2503-0002716,BBD-2503-0000109,2025-12-04 19:14:46,Synergy Harare Car Rental,ACTIVE
ABD-2503-0002717,BBD-2503-0000109,2025-12-04 19:14:46,Synergy Harare Car Rental,ACTIVE
ABD-2503-0002718,BBD-2503-0000109,2025-12-04 19:14:46,Synergy Harare Car Rental,ACTIVE
ABD-2503-0002719,BBD-2503-0000109,2025-12-04 19:14:46,Synergy Harare Car Rental,ACTIVE
ABD-2503-0002720,BBD-2503-0000109,2025-12-04 19:14:46,Synergy Harare Car Rental,ACTIVE
ABD-2503-0002721,BBD-2503-0000109,2025-12-04 19:14:46,Synergy Harare Car Rental,ACTIVE
ABD-2503-0002722,BBD-2503-0000109,2025-12-04 19:14:46,Synergy Harare Car Rental,ACTIVE
ABD-2503-0002723,BBD-2503-0000109,2025-12-04 19:14:46,Synergy Harare Car Rental,ACTIVE
ABD-2503-0002724,BBD-2503-0000109,2025-12-04 19:14:46,Synergy Harare Car Rental,ACTIVE
ABD-2503-0002725,BBD-2503-0000109,2025-12-04 19:14:46,Synergy Harare Car Rental,ACTIVE
ABD-2503-0002726,BBD-2503-0000110,2025-12-04 19:15:08,Synergy Harare Car Rental,ACTIVE
ABD-2503-0002727,BBD-2503-0000110,2025-12-04 19:15:08,Synergy Harare Car Rental,ACTIVE
ABD-2503-0002728,BBD-2503-0000110,2025-12-04 19:15:08,Synergy Harare Car Rental,ACTIVE
ABD-2503-0002729,BBD-2503-0000110,2025-12-04 19:15:08,Synergy Harare Car Rental,ACTIVE
ABD-2503-0002731,BBD-2503-0000110,2025-12-04 19:15:08,Synergy Harare Car Rental,ACTIVE
ABD-2503-0002733,BBD-2503-0000110,2025-12-04 19:15:08,Synergy Harare Car Rental,ACTIVE
ABD-2503-0002734,BBD-2503-0000110,2025-12-04 19:15:08,Synergy Harare Car Rental,ACTIVE
ABD-2503-0002736,BBD-2503-0000110,2025-12-04 19:15:08,Synergy Harare Car Rental,ACTIVE
ABD-2503-0002737,BBD-2503-0000110,2025-12-04 19:15:08,Synergy Harare Car Rental,ACTIVE
ABD-2503-0002738,BBD-2503-0000110,2025-12-04 19:15:08,Synergy Harare Car Rental,ACTIVE
ABD-2503-0002739,BBD-2503-0000110,2025-12-04 19:15:08,Synergy Harare Car Rental,ACTIVE
ABD-2503-0002740,BBD-2503-0000110,2025-12-04 19:15:08,Synergy Harare Car Rental,ACTIVE
ABD-2503-0002741,BBD-2503-0000110,2025-12-04 19:15:08,Synergy Harare Car Rental,ACTIVE
ABD-2503-0002743,BBD-2503-0000110,2025-12-04 19:15:08,Synergy Harare Car Rental,ACTIVE
ABD-2503-0002744,BBD-2503-0000110,2025-12-04 19:15:08,Synergy Harare Car Rental,ACTIVE
ABD-2503-0002745,BBD-2503-0000110,2025-12-04 19:15:08,Synergy Harare Car Rental,ACTIVE
ABD-2503-0002746,BBD-2503-0000110,2025-12-04 19:15:08,Synergy Harare Car Rental,ACTIVE
ABD-2503-0002747,BBD-2503-0000110,2025-12-04 19:15:08,Synergy Harare Car Rental,ACTIVE
ABD-2503-0002748,BBD-2503-0000110,2025-12-04 19:15:08,Synergy Harare Car Rental,ACTIVE
ABD-2503-0002749,BBD-2503-0000110,2025-12-04 19:15:08,Synergy Harare Car Rental,ACTIVE
ABD-2503-0002826,BBD-2503-0000114,2025-11-25 11:37:06,Sharon School,ACTIVE
ABD-2503-0002827,BBD-2503-0000114,2025-11-25 11:37:06,Sharon School,ACTIVE
ABD-2503-0002828,BBD-2503-0000114,2025-11-25 11:37:06,Sharon School,ACTIVE
ABD-2503-0002832,BBD-2503-0000114,2025-11-25 11:37:06,Sharon School,ACTIVE
ABD-2503-0002833,BBD-2503-0000114,2025-11-25 11:37:06,Sharon School,ACTIVE
ABD-2503-0002834,BBD-2503-0000114,2025-11-25 11:37:06,Sharon School,ACTIVE
ABD-2503-0002835,BBD-2503-0000114,2025-11-25 11:37:06,Sharon School,ACTIVE
ABD-2503-0002836,BBD-2503-0000114,2025-11-25 11:37:06,Sharon School,ACTIVE
ABD-2503-0002837,BBD-2503-0000114,2025-11-25 11:37:06,Sharon School,ACTIVE
ABD-2503-0002838,BBD-2503-0000114,2025-11-25 11:37:06,Sharon School,ACTIVE
ABD-2503-0002839,BBD-2503-0000114,2025-11-25 11:37:06,Sharon School,ACTIVE
ABD-2503-0002840,BBD-2503-0000114,2025-11-25 11:37:06,Sharon School,ACTIVE
ABD-2503-0002841,BBD-2503-0000114,2025-11-25 11:37:06,Sharon School,ACTIVE
ABD-2503-0002842,BBD-2503-0000114,2025-11-25 11:37:06,Sharon School,ACTIVE
ABD-2503-0002843,BBD-2503-0000114,2025-11-25 11:37:06,Sharon School,ACTIVE
ABD-2503-0002844,BBD-2503-0000114,2025-11-25 11:37:06,Sharon School,ACTIVE
ABD-2503-0002845,BBD-2503-0000114,2025-11-25 11:37:06,Sharon School,ACTIVE
ABD-2503-0002846,BBD-2503-0000114,2025-11-25 11:37:06,Sharon School,ACTIVE
ABD-2503-0002847,BBD-2503-0000114,2025-11-25 11:37:06,Sharon School,ACTIVE
ABD-2503-0002848,BBD-2503-0000114,2025-11-25 11:37:06,Sharon School,ACTIVE
ABD-2503-0002849,BBD-2503-0000114,2025-11-25 11:37:06,Sharon School,ACTIVE
ABD-2503-0002850,BBD-2503-0000114,2025-11-25 11:37:06,Sharon School,ACTIVE
ABD-2503-0002851,BBD-2503-0000115,2025-10-24 14:04:53,Sharon School,ACTIVE
ABD-2503-0002859,BBD-2503-0000115,2025-10-24 14:04:53,Sharon School,ACTIVE
ABD-2503-0002864,BBD-2503-0000115,2025-10-24 14:04:53,Sharon School,ACTIVE
ABD-2503-0002865,BBD-2503-0000115,2025-10-24 14:04:53,Sharon School,ACTIVE
ABD-2503-0002866,BBD-2503-0000115,2025-10-24 14:04:53,Sharon School,ACTIVE
ABD-2503-0002867,BBD-2503-0000115,2025-10-24 14:04:53,Sharon School,ACTIVE
ABD-2503-0002868,BBD-2503-0000115,2025-10-24 14:04:53,Sharon School,ACTIVE
ABD-2503-0002869,BBD-2503-0000115,2025-10-24 14:04:53,Sharon School,ACTIVE
ABD-2503-0004802,BBD-2503-0000193,2025-09-04 14:05:40,Livestock Identification Trust,ACTIVE
ABD-2503-0004805,BBD-2503-0000193,2025-09-04 14:05:40,Livestock Identification Trust,ACTIVE
ABD-2503-0004806,BBD-2503-0000193,2025-09-04 14:05:40,Livestock Identification Trust,ACTIVE
ABD-2503-0004809,BBD-2503-0000193,2025-09-04 14:05:40,Livestock Identification Trust,ACTIVE
ABD-2503-0004810,BBD-2503-0000193,2025-09-04 14:05:40,Livestock Identification Trust,ACTIVE
ABD-2503-0004811,BBD-2503-0000193,2025-09-04 14:05:40,Livestock Identification Trust,ACTIVE
ABD-2503-0004812,BBD-2503-0000193,2025-09-04 14:05:40,Livestock Identification Trust,ACTIVE
ABD-2503-0004813,BBD-2503-0000193,2025-09-04 14:05:40,Livestock Identification Trust,ACTIVE
ABD-2503-0004814,BBD-2503-0000193,2025-09-04 14:05:40,Livestock Identification Trust,ACTIVE
ABD-2503-0004815,BBD-2503-0000193,2025-09-04 14:05:40,Livestock Identification Trust,ACTIVE
ABD-2503-0004816,BBD-2503-0000193,2025-09-04 14:05:40,Livestock Identification Trust,ACTIVE
ABD-2503-0004817,BBD-2503-0000193,2025-09-04 14:05:40,Livestock Identification Trust,ACTIVE
ABD-2503-0004818,BBD-2503-0000193,2025-09-04 14:05:40,Livestock Identification Trust,ACTIVE
ABD-2503-0004819,BBD-2503-0000193,2025-09-04 14:05:40,Livestock Identification Trust,ACTIVE
ABD-2503-0004820,BBD-2503-0000193,2025-09-04 14:05:40,Livestock Identification Trust,ACTIVE
ABD-2503-0004821,BBD-2503-0000193,2025-09-04 14:05:40,Livestock Identification Trust,ACTIVE
ABD-2503-0004822,BBD-2503-0000193,2025-09-04 14:05:40,Livestock Identification Trust,ACTIVE
ABD-2503-0004823,BBD-2503-0000193,2025-09-04 14:05:40,Livestock Identification Trust,ACTIVE
ABD-2503-0004824,BBD-2503-0000193,2025-09-04 14:05:40,Livestock Identification Trust,ACTIVE
ABD-2503-0004825,BBD-2503-0000193,2025-09-04 14:05:40,Livestock Identification Trust,ACTIVE
ABD-2503-0004930,BBD-2503-0000198,2025-12-09 11:36:43,Gabu Trading Private Limited/Builders Paradise,ACTIVE
ABD-2503-0004931,BBD-2503-0000198,2025-12-09 11:36:43,Gabu Trading Private Limited/Builders Paradise,ACTIVE
ABD-2503-0004932,BBD-2503-0000198,2025-12-09 11:36:43,Gabu Trading Private Limited/Builders Paradise,ACTIVE
ABD-2503-0004933,BBD-2503-0000198,2025-12-09 11:36:43,Gabu Trading Private Limited/Builders Paradise,ACTIVE
ABD-2503-0004934,BBD-2503-0000198,2025-12-09 11:36:43,Gabu Trading Private Limited/Builders Paradise,ACTIVE
ABD-2503-0004935,BBD-2503-0000198,2025-12-09 11:36:43,Gabu Trading Private Limited/Builders Paradise,ACTIVE
ABD-2503-0004936,BBD-2503-0000198,2025-12-09 11:36:43,Gabu Trading Private Limited/Builders Paradise,ACTIVE
ABD-2503-0004937,BBD-2503-0000198,2025-12-09 11:36:43,Gabu Trading Private Limited/Builders Paradise,ACTIVE
ABD-2503-0004938,BBD-2503-0000198,2025-12-09 11:36:43,Gabu Trading Private Limited/Builders Paradise,ACTIVE
ABD-2503-0004939,BBD-2503-0000198,2025-12-09 11:36:43,Gabu Trading Private Limited/Builders Paradise,ACTIVE
ABD-2503-0004940,BBD-2503-0000198,2025-12-09 11:36:43,Gabu Trading Private Limited/Builders Paradise,ACTIVE
ABD-2503-0004941,BBD-2503-0000198,2025-12-09 11:36:43,Gabu Trading Private Limited/Builders Paradise,ACTIVE
ABD-2503-0004942,BBD-2503-0000198,2025-12-09 11:36:43,Gabu Trading Private Limited/Builders Paradise,ACTIVE
ABD-2503-0004943,BBD-2503-0000198,2025-12-09 11:36:43,Gabu Trading Private Limited/Builders Paradise,ACTIVE
ABD-2503-0004944,BBD-2503-0000198,2025-12-09 11:36:43,Gabu Trading Private Limited/Builders Paradise,ACTIVE
ABD-2503-0004945,BBD-2503-0000198,2025-12-09 11:36:43,Gabu Trading Private Limited/Builders Paradise,ACTIVE
ABD-2503-0004946,BBD-2503-0000198,2025-12-09 11:36:43,Gabu Trading Private Limited/Builders Paradise,ACTIVE
ABD-2503-0004947,BBD-2503-0000198,2025-12-09 11:36:43,Gabu Trading Private Limited/Builders Paradise,ACTIVE
ABD-2503-0004948,BBD-2503-0000198,2025-12-09 11:36:43,Gabu Trading Private Limited/Builders Paradise,ACTIVE
ABD-2503-0004949,BBD-2503-0000198,2025-12-09 11:36:43,Gabu Trading Private Limited/Builders Paradise,ACTIVE
ABD-2503-0004950,BBD-2503-0000198,2025-12-09 11:36:43,Gabu Trading Private Limited/Builders Paradise,ACTIVE
ABD-2503-0005000,BBD-2503-0000200,2025-10-02 12:49:44,Synergy Harare Car Rental,ACTIVE
