sale_date,site_id,site_name,product,total_litres,total_amount
2025-09-03,CHINHOYI MAIN,CHINHOYI MAIN,CHINHOYI MAIN USD PETROL,101.31,153.52
2025-09-03,CRIPPS,CRIPPS,CRIPPS PETROL USD,31.75,45.88
2025-09-03,FIFE STREET,FIFE STREET,FIFE USD PETROL,202.9,303.0
2025-09-03,FORT STREET,FORT STREET,FORT USD PETROL,166.0,249.0
2025-09-03,MARONDERA,MARONDERA,MARONDERA USD PETROL,339.63,508.5
2025-09-03,R MUGABE,R MUGABE,R MUGABE USD DIESEL,12.0,18.0
2025-09-03,R MUGABE,R MUGABE,R MUGABE USD PETROL,42.75,63.84
2025-09-03,SEKE,SEKE,SEKE USD PETROL,130.33,195.0
2025-09-04,CHINHOYI MAIN,CHINHOYI MAIN,CHINHOYI MAIN USD PETROL,51.97,77.52
2025-09-04,CRIPPS,CRIPPS,CRIPPS PETROL USD,87.83,128.76
2025-09-04,FIFE STREET,FIFE STREET,FIFE USD PETROL,209.99,313.5
2025-09-04,FORT STREET,FORT STREET,FORT USD PETROL,487.33,730.5
2025-09-04,KADOMA,KADOMA,KADOMA USD PETROL,20.0,30.0
2025-09-04,MARONDERA,MARONDERA,MARONDERA USD DIESEL,430.38,627.8
2025-09-04,MARONDERA,MARONDERA,MARONDERA USD PETROL,69.09,103.5
2025-09-04,R MUGABE,R MUGABE,R MUGABE USD DIESEL,20.0,30.0
2025-09-04,R MUGABE,R MUGABE,R MUGABE USD PETROL,72.37,109.44
2025-09-04,SEKE,SEKE,SEKE USD PETROL,59.33,88.5
2025-09-05,CHINHOYI MAIN,CHINHOYI MAIN,CHINHOYI MAIN USD PETROL,62.5,94.24
2025-09-05,FIFE STREET,FIFE STREET,FIFE USD PETROL,633.73,949.5
2025-09-05,FORT STREET,FORT STREET,FORT USD PETROL,98.0,147.0
2025-09-05,KADOMA,KADOMA,KADOMA USD DIESEL,67.56,99.16
2025-09-05,KADOMA,KADOMA,KADOMA USD PETROL,178.67,267.0
2025-09-05,MARONDERA,MARONDERA,MARONDERA USD DIESEL,581.21,848.26
2025-09-05,MARONDERA,MARONDERA,MARONDERA USD PETROL,165.76,247.5
2025-09-05,R MUGABE,R MUGABE,R MUGABE USD DIESEL,20.0,30.0
2025-09-05,R MUGABE,R MUGABE,R MUGABE USD PETROL,73.67,110.96
2025-09-06,CHINHOYI MAIN,CHINHOYI MAIN,CHINHOYI MAIN USD PETROL,173.03,262.96
2025-09-06,FIFE STREET,FIFE STREET,FIFE USD PETROL,396.33,594.0
2025-09-06,FORT STREET,FORT STREET,FORT USD PETROL,96.66,144.0
2025-09-06,KADOMA,KADOMA,DIESEL,54.05,504961.56
2025-09-06,KADOMA,KADOMA,PETROL,39.33,361317.06
2025-09-06,MARONDERA,MARONDERA,MARONDERA USD DIESEL,30.64,43.8
2025-09-06,MARONDERA,MARONDERA,MARONDERA USD PETROL,190.84,285.0
2025-09-06,R MUGABE,R MUGABE,R MUGABE USD DIESEL,33.0,49.5
2025-09-06,R MUGABE,R MUGABE,R MUGABE USD PETROL,27.62,41.04
2025-09-07,CHINHOYI MAIN,CHINHOYI MAIN,CHINHOYI MAIN USD PETROL,110.71,167.2
2025-09-07,FIFE STREET,FIFE STREET,FIFE USD PETROL,476.68,714.0
2025-09-07,FORT STREET,FORT STREET,FORT USD PETROL,174.0,261.0
2025-09-07,KADOMA,KADOMA,DIESEL,40.54,374045.6
2025-09-07,KADOMA,KADOMA,PETROL,8.66,74116.32
2025-09-07,R MUGABE,R MUGABE,R MUGABE USD DIESEL,92.66,138.0
2025-09-07,R MUGABE,R MUGABE,R MUGABE USD PETROL,78.62,118.56
2025-09-08,FIFE STREET,FIFE STREET,FIFE USD DIESEL,226.66,329.96
2025-09-08,FIFE STREET,FIFE STREET,FIFE USD PETROL,96.0,144.0
2025-09-08,FORT STREET,FORT STREET,FORT USD PETROL,6.66,9.0
2025-09-08,KADOMA,KADOMA,DIESEL,6.75,56106.84
2025-09-08,MARONDERA,MARONDERA,MARONDERA USD PETROL,736.13,1104.0
2025-09-08,R MUGABE,R MUGABE,R MUGABE USD DIESEL,58.66,87.0
2025-09-08,R MUGABE,R MUGABE,R MUGABE USD PETROL,54.59,82.08
2025-09-09,CHINHOYI MAIN,CHINHOYI MAIN,CHINHOYI MAIN USD PETROL,217.76,329.84
2025-09-09,FIFE STREET,FIFE STREET,FIFE USD PETROL,349.12,522.0
2025-09-09,FORT STREET,FORT STREET,FORT USD DIESEL,182.31,267.54
2025-09-09,FORT STREET,FORT STREET,FORT USD PETROL,50.0,75.0
2025-09-09,KADOMA,KADOMA,KADOMA USD PETROL,6.67,9.0
2025-09-09,MARONDERA,MARONDERA,MARONDERA USD DIESEL,1238.95,1807.48
2025-09-09,MARONDERA,MARONDERA,MARONDERA USD PETROL,123.89,184.5
2025-09-09,R MUGABE,R MUGABE,R MUGABE USD DIESEL,20.0,30.0
2025-09-10,CHINHOYI MAIN,CHINHOYI MAIN,CHINHOYI MAIN USD PETROL,36.18,54.72
2025-09-10,FIFE STREET,FIFE STREET,FIFE USD PETROL,412.5,618.0
2025-09-10,FORT STREET,FORT STREET,FORT USD PETROL,99.33,148.5
2025-09-10,R MUGABE,R MUGABE,R MUGABE USD DIESEL,71.33,106.5
2025-09-10,R MUGABE,R MUGABE,R MUGABE USD PETROL,111.42,168.72
2025-09-11,CHINHOYI MAIN,CHINHOYI MAIN,CHINHOYI MAIN USD PETROL,144.72,218.88
2025-09-11,FIFE STREET,FIFE STREET,FIFE USD PETROL,421.26,631.5
2025-09-11,FORT STREET,FORT STREET,FORT USD PETROL,193.16,289.5
2025-09-11,MARONDERA,MARONDERA,MARONDERA USD DIESEL,424.37,619.04
2025-09-11,MARONDERA,MARONDERA,MARONDERA USD PETROL,30.68,45.0
2025-09-11,R MUGABE,R MUGABE,R MUGABE USD DIESEL,6.66,9.0
2025-09-12,CHINHOYI MAIN,CHINHOYI MAIN,CHINHOYI MAIN USD PETROL,143.21,217.36
2025-09-12,FIFE STREET,FIFE STREET,FIFE USD PETROL,571.36,856.5
2025-09-12,FORT STREET,FORT STREET,FORT USD PETROL,74.0,111.0
2025-09-12,KADOMA,KADOMA,KADOMA USD PETROL,31.33,46.5
2025-09-12,MARONDERA,MARONDERA,MARONDERA USD DIESEL,87.39,127.02
2025-09-12,MARONDERA,MARONDERA,MARONDERA USD PETROL,439.61,658.5
2025-09-12,R MUGABE,R MUGABE,R MUGABE USD PETROL,22.36,33.44
2025-09-13,CHINHOYI MAIN,CHINHOYI MAIN,CHINHOYI MAIN USD PETROL,94.77,142.88
2025-09-13,FIFE STREET,FIFE STREET,FIFE USD PETROL,197.9,295.5
2025-09-13,FORT STREET,FORT STREET,FORT USD PETROL,277.33,415.5
2025-09-13,MARONDERA,MARONDERA,MARONDERA USD PETROL,238.0,359.38
2025-09-13,R MUGABE,R MUGABE,R MUGABE USD PETROL,47.36,71.44
2025-09-14,CHINHOYI MAIN,CHINHOYI MAIN,CHINHOYI MAIN USD PETROL,117.64,179.01
2025-09-14,FIFE STREET,FIFE STREET,FIFE USD PETROL,618.66,927.0
2025-09-14,FORT STREET,FORT STREET,FORT USD PETROL,71.13,106.5
2025-09-14,KADOMA,KADOMA,KADOMA USD PETROL,40.0,60.0
2025-09-14,MARONDERA,MARONDERA,MARONDERA USD PETROL,381.92,575.31
2025-09-14,R MUGABE,R MUGABE,R MUGABE USD PETROL,3.28,4.56
2025-09-15,CHINHOYI MAIN,CHINHOYI MAIN,CHINHOYI MAIN USD PETROL,126.79,192.78
2025-09-15,FIFE STREET,FIFE STREET,FIFE USD PETROL,287.76,430.5
2025-09-15,FORT STREET,FORT STREET,FORT USD PETROL,16.66,24.0
2025-09-15,KADOMA,KADOMA,KADOMA USD PETROL,8.0,12.0
2025-09-15,MARONDERA,MARONDERA,MARONDERA USD PETROL,178.8,268.78
2025-09-15,R MUGABE,R MUGABE,R MUGABE USD PETROL,29.6,44.08
2025-09-16,CHINHOYI MAIN,CHINHOYI MAIN,CHINHOYI MAIN USD PETROL,202.77,309.06
2025-09-16,FIFE STREET,FIFE STREET,FIFE USD PETROL,26.66,39.0
2025-09-16,FORT STREET,FORT STREET,FORT USD PETROL,26.66,39.0
2025-09-16,KADOMA,KADOMA,KADOMA USD PETROL,17.32,25.5
2025-09-16,MARONDERA,MARONDERA,MARONDERA USD PETROL,201.86,303.51
2025-09-16,R MUGABE,R MUGABE,R MUGABE USD DIESEL,20.0,30.0
2025-09-16,R MUGABE,R MUGABE,R MUGABE USD PETROL,31.57,47.12
2025-09-17,CHINHOYI MAIN,CHINHOYI MAIN,CHINHOYI MAIN USD PETROL,21.56,32.13
2025-09-17,FIFE STREET,FIFE STREET,FIFE USD PETROL,128.0,192.0
2025-09-17,FORT STREET,FORT STREET,FORT USD PETROL,102.66,153.0
2025-09-17,MARONDERA,MARONDERA,MARONDERA USD PETROL,222.38,335.22
2025-09-17,R MUGABE,R MUGABE,R MUGABE USD DIESEL,3.33,4.5
2025-09-17,R MUGABE,R MUGABE,R MUGABE USD PETROL,85.52,129.2
2025-09-17,ROADPORT,ROADPORT,ROADPORT USD DIESEL,52.63,79.04
2025-09-17,ROADPORT,ROADPORT,ROAPORT USD PETROL,38.31,58.52
2025-09-18,CHINHOYI MAIN,CHINHOYI MAIN,CHINHOYI MAIN USD PETROL,204.54,312.12
2025-09-18,FORT STREET,FORT STREET,FORT USD PETROL,368.66,552.0
2025-09-18,KADOMA,KADOMA,KADOMA USD PETROL,27.33,40.5
2025-09-18,MARONDERA,MARONDERA,MARONDERA USD PETROL,355.89,536.05
2025-09-18,R MUGABE,R MUGABE,R MUGABE USD DIESEL,37.33,55.5
2025-09-18,R MUGABE,R MUGABE,R MUGABE USD PETROL,38.15,57.76
2025-09-18,ROADPORT,ROADPORT,ROADPORT USD DIESEL,207.23,314.64
2025-09-18,ROADPORT,ROADPORT,ROAPORT USD PETROL,198.05,304.92
2025-09-19,CHINHOYI MAIN,CHINHOYI MAIN,CHINHOYI MAIN USD PETROL,143.13,218.79
2025-09-19,FIFE STREET,FIFE STREET,FIFE USD PETROL,13.33,19.5
2025-09-19,FORT STREET,FORT STREET,FORT USD PETROL,117.33,175.5
2025-09-19,KADOMA,KADOMA,KADOMA USD DIESEL,27.51,39.96
2025-09-19,KADOMA,KADOMA,KADOMA USD PETROL,12.85,18.0
2025-09-19,MARONDERA,MARONDERA,MARONDERA USD DIESEL,279.81,410.13
2025-09-19,R MUGABE,R MUGABE,R MUGABE USD PETROL,35.51,53.2
2025-09-19,ROADPORT,ROADPORT,ROAPORT USD PETROL,52.83,80.08
2025-09-20,CHINHOYI MAIN,CHINHOYI MAIN,CHINHOYI MAIN USD PETROL,140.1,214.2
2025-09-20,FIFE STREET,FIFE STREET,FIFE USD PETROL,472.8,708.0
2025-09-20,FORT STREET,FORT STREET,FORT USD DIESEL,662.24,973.14
2025-09-20,MARONDERA,MARONDERA,MARONDERA USD DIESEL,713.6,1048.11
2025-09-20,MARONDERA,MARONDERA,MARONDERA USD PETROL,46.66,69.46
2025-09-20,MPOPOMA,MPOPOMA,MPOPOMA BULK DIESEL USD,2996.36,4344.2
2025-09-20,R MUGABE,R MUGABE,R MUGABE USD DIESEL,163.99,244.5
2025-09-20,R MUGABE,R MUGABE,R MUGABE USD PETROL,39.36,59.28
2025-09-20,ROADPORT,ROADPORT,ROADPORT USD DIESEL,44.07,66.88
2025-09-20,ROADPORT,ROADPORT,ROAPORT USD PETROL,29.22,44.66
2025-09-21,CHINHOYI MAIN,CHINHOYI MAIN,CHINHOYI MAIN USD PETROL,79.73,120.87
2025-09-21,FIFE STREET,FIFE STREET,FIFE USD PETROL,985.55,1477.5
2025-09-21,FORT STREET,FORT STREET,FORT USD PETROL,101.56,151.5
2025-09-21,MARONDERA,MARONDERA,MARONDERA USD DIESEL,220.01,323.4
2025-09-21,MARONDERA,MARONDERA,MARONDERA USD PETROL,71.86,107.21
2025-09-21,MPOPOMA,MPOPOMA,PETROL,42.3,398631.24
2025-09-21,R MUGABE,R MUGABE,R MUGABE USD PETROL,141.44,214.32
2025-09-21,ROADPORT,ROADPORT,ROADPORT USD DIESEL,19.73,28.88
2025-09-21,ROADPORT,ROADPORT,ROAPORT USD PETROL,48.7,73.92
2025-09-22,FIFE STREET,FIFE STREET,FIFE USD PETROL,688.84,1032.0
2025-09-22,FORT STREET,FORT STREET,FORT USD DIESEL,231.29,339.57
2025-09-22,MARONDERA,MARONDERA,MARONDERA USD PETROL,341.05,514.91
2025-09-22,MPOPOMA,MPOPOMA,MPOPOMA BULK DIESEL USD,2531.89,3669.95
2025-09-22,R MUGABE,R MUGABE,R MUGABE USD DIESEL,99.86,148.5
2025-09-22,ROADPORT,ROADPORT,ROADPORT USD DIESEL,59.21,89.68
2025-09-22,ROADPORT,ROADPORT,ROAPORT USD PETROL,55.19,84.7
2025-09-23,CHINHOYI MAIN,CHINHOYI MAIN,CHINHOYI MAIN USD PETROL,206.95,315.18
2025-09-23,FIFE STREET,FIFE STREET,FIFE USD PETROL,427.22,639.0
2025-09-23,FORT STREET,FORT STREET,FORT USD PETROL,103.33,154.5
2025-09-23,MARONDERA,MARONDERA,MARONDERA USD PETROL,198.8,298.98
2025-09-23,MPOPOMA,MPOPOMA,MPOPOMA BULK DIESEL USD,2378.78,3448.1
2025-09-23,R MUGABE,R MUGABE,R MUGABE USD DIESEL,66.66,99.0
2025-09-23,R MUGABE,R MUGABE,R MUGABE USD PETROL,9.86,13.68
2025-09-23,ROADPORT,ROADPORT,ROAPORT USD PETROL,143.5,220.22
2025-09-24,CHINHOYI MAIN,CHINHOYI MAIN,CHINHOYI MAIN USD PETROL,184.97,281.52
2025-09-24,FIFE STREET,FIFE STREET,FIFE USD PETROL,348.4,522.0
2025-09-24,FORT STREET,FORT STREET,FORT USD DIESEL,353.74,518.91
2025-09-24,FORT STREET,FORT STREET,FORT USD PETROL,38.0,57.0
2025-09-24,MARONDERA,MARONDERA,MARONDERA USD PETROL,298.83,449.98
2025-09-24,ROADPORT,ROADPORT,ROADPORT USD DIESEL,75.0,114.0
2025-09-24,ROADPORT,ROADPORT,ROAPORT USD PETROL,50.64,77.0
2025-09-25,CHINHOYI MAIN,CHINHOYI MAIN,CHINHOYI MAIN USD PETROL,92.15,140.76
2025-09-25,FIFE STREET,FIFE STREET,FIFE USD DIESEL,722.4,1054.12
2025-09-25,FORT STREET,FORT STREET,FORT USD PETROL,342.6,513.0
2025-09-25,MARONDERA,MARONDERA,MARONDERA USD DIESEL,186.7,273.42
2025-09-25,MARONDERA,MARONDERA,MARONDERA USD PETROL,118.25,178.18
2025-09-25,R MUGABE,R MUGABE,R MUGABE USD DIESEL,13.33,19.5
2025-09-25,R MUGABE,R MUGABE,R MUGABE USD PETROL,19.73,28.88
2025-09-25,ROADPORT,ROADPORT,ROADPORT USD DIESEL BUS,102.7,150.96
2025-09-25,ROADPORT,ROADPORT,ROAPORT USD PETROL,70.72,107.8
2025-09-25,SUNWAY CITY,SUNWAY CITY,SUNWAY USD DIESEL,284.0,426.0
2025-09-25,SUNWAY CITY,SUNWAY CITY,SUNWAY USD PETROL,251.65,379.01
2025-09-26,CHINHOYI MAIN,CHINHOYI MAIN,CHINHOYI MAIN USD PETROL,125.16,191.25
2025-09-26,FIFE STREET,FIFE STREET,FIFE USD DIESEL,32.86,46.72
2025-09-26,MARONDERA,MARONDERA,MARONDERA USD DIESEL,818.64,1202.46
2025-09-26,R MUGABE,R MUGABE,R MUGABE USD DIESEL,71.33,106.5
2025-09-26,R MUGABE,R MUGABE,R MUGABE USD PETROL,411.51,624.72
2025-09-26,ROADPORT,ROADPORT,ROADPORT USD DIESEL,90.13,136.8
2025-09-26,ROADPORT,ROADPORT,ROADPORT USD DIESEL BUS,135.13,199.8
2025-09-26,ROADPORT,ROADPORT,ROAPORT USD PETROL,33.76,50.82
2025-09-27,CHINHOYI MAIN,CHINHOYI MAIN,CHINHOYI MAIN USD PETROL,108.49,165.24
2025-09-27,FIFE STREET,FIFE STREET,FIFE USD PETROL,895.33,1342.5
2025-09-27,FORT STREET,FORT STREET,FORT USD PETROL,287.33,430.5
2025-09-27,MARONDERA,MARONDERA,MARONDERA USD PETROL,349.66,526.99
2025-09-27,MSASA,MSASA,MSASA USD PETROL,620.77,954.8
2025-09-27,R MUGABE,R MUGABE,R MUGABE USD DIESEL,55.99,82.5
2025-09-27,R MUGABE,R MUGABE,R MUGABE USD PETROL,98.02,148.96
2025-09-27,ROADPORT,ROADPORT,ROADPORT USD DIESEL,61.84,92.72
2025-09-27,ROADPORT,ROADPORT,ROAPORT USD PETROL,172.07,264.88
2025-09-27,SAMORA,SAMORA,SAMORA USD PETROL,78.81,117.78
2025-09-28,CHINHOYI MAIN,CHINHOYI MAIN,CHINHOYI MAIN USD PETROL,468.52,716.04
2025-09-28,FIFE STREET,FIFE STREET,FIFE USD DIESEL,41.18,59.86
2025-09-28,FIFE STREET,FIFE STREET,FIFE USD PETROL,121.33,181.5
2025-09-28,FORT STREET,FORT STREET,FORT USD PETROL,242.0,363.0
2025-09-28,MARONDERA,MARONDERA,MARONDERA USD DIESEL,512.27,752.64
2025-09-28,MARONDERA,MARONDERA,MARONDERA USD PETROL,167.0,252.17
2025-09-28,MSASA,MSASA,MSASA USD PETROL,321.2,494.34
2025-09-28,R MUGABE,R MUGABE,R MUGABE USD DIESEL,129.99,193.5
2025-09-28,R MUGABE,R MUGABE,R MUGABE USD PETROL,72.52,109.44
2025-09-28,ROADPORT,ROADPORT,ROADPORT USD DIESEL,198.68,300.96
2025-09-28,ROADPORT,ROADPORT,ROAPORT USD PETROL,169.64,260.26
2025-09-28,SAMORA,SAMORA,SAMORA USD DIESEL,13.24,19.63
2025-09-28,SAMORA,SAMORA,SAMORA USD PETROL,270.2,407.7
2025-09-29,FORT STREET,FORT STREET,FORT USD DIESEL,461.9,677.67
2025-09-29,MARONDERA,MARONDERA,MARONDERA USD DIESEL,329.62,483.63
2025-09-29,MARONDERA,MARONDERA,MARONDERA USD PETROL,396.33,597.96
2025-09-29,R MUGABE,R MUGABE,R MUGABE USD PETROL,85.57,129.2
2025-09-29,ROADPORT,ROADPORT,ROADPORT USD DIESEL,93.42,141.36
2025-09-29,ROADPORT,ROADPORT,ROAPORT USD PETROL,142.66,218.68
2025-09-30,CHINHOYI MAIN,CHINHOYI MAIN,CHINHOYI MAIN USD PETROL,115.03,175.95
2025-09-30,FIFE STREET,FIFE STREET,FIFE USD PETROL,33.32,49.5
2025-09-30,FORT STREET,FORT STREET,FORT USD PETROL,75.65,112.5
2025-09-30,MARONDERA,MARONDERA,MARONDERA USD PETROL,330.47,498.3
2025-09-30,MSASA,MSASA,MSASA USD PETROL,202.24,311.08
2025-09-30,R MUGABE,R MUGABE,R MUGABE USD DIESEL,75.0,112.5
2025-09-30,R MUGABE,R MUGABE,R MUGABE USD PETROL,55.25,83.6
2025-09-30,ROADPORT,ROADPORT,ROADPORT USD DIESEL,32.89,48.64
2025-09-30,ROADPORT,ROADPORT,ROADPORT USD DIESEL BUS,128.37,189.44
2025-09-30,ROADPORT,ROADPORT,ROAPORT USD PETROL,320.12,492.8
2025-10-01,CHINHOYI MAIN,CHINHOYI MAIN,CHINHOYI MAIN USD PETROL,119.6,182.07
2025-10-01,FIFE STREET,FIFE STREET,FIFE USD PETROL,101.14,150.0
2025-10-01,FORT STREET,FORT STREET,FORT USD PETROL,194.07,294.88
2025-10-01,MARONDERA,MARONDERA,MARONDERA USD PETROL,306.62,462.06
2025-10-01,R MUGABE,R MUGABE,R MUGABE USD DIESEL,12.0,18.0
2025-10-01,R MUGABE,R MUGABE,R MUGABE USD PETROL,131.57,199.12
2025-10-01,ROADPORT,ROADPORT,ROADPORT USD DIESEL,58.55,88.16
2025-10-01,ROADPORT,ROADPORT,ROAPORT USD PETROL,75.64,115.5
2025-10-02,CHINHOYI MAIN,CHINHOYI MAIN,CHINHOYI MAIN USD PETROL,149.01,227.97
2025-10-02,FIFE STREET,FIFE STREET,FIFE USD PETROL,555.99,832.5
2025-10-02,FORT STREET,FORT STREET,FORT USD PETROL,116.44,176.32
2025-10-02,MARONDERA,MARONDERA,MARONDERA USD DIESEL,303.79,445.41
2025-10-02,MARONDERA,MARONDERA,MARONDERA USD PETROL,206.9,311.06
2025-10-02,MPOPOMA,MPOPOMA,MPOPOMA USD PETROL,26.49,39.26
2025-10-02,R MUGABE,R MUGABE,R MUGABE USD DIESEL,86.66,129.0
2025-10-02,R MUGABE,R MUGABE,R MUGABE USD PETROL,39.46,59.28
2025-10-03,CHINHOYI MAIN,CHINHOYI MAIN,CHINHOYI MAIN USD PETROL,155.55,237.15
2025-10-03,FIFE STREET,FIFE STREET,FIFE USD PETROL,606.84,909.0
2025-10-03,FORT STREET,FORT STREET,FORT USD PETROL,129.6,196.08
2025-10-03,KADOMA,KADOMA,DIESEL,39.86,364694.46
2025-10-03,KADOMA,KADOMA,PETROL,7.28,64851.78
2025-10-03,MPOPOMA,MPOPOMA,MPOPOMA USD PETROL,39.74,58.89
2025-10-03,R MUGABE,R MUGABE,R MUGABE USD PETROL,17.76,25.84
2025-10-04,CHINHOYI MAIN,CHINHOYI MAIN,CHINHOYI MAIN USD PETROL,406.53,621.18
2025-10-04,FIFE STREET,FIFE STREET,FIFE USD PETROL,452.59,678.0
2025-10-04,FORT STREET,FORT STREET,FORT USD PETROL,52.63,79.04
2025-10-04,KADOMA,KADOMA,DIESEL,74.31,691984.36
2025-10-04,KADOMA,KADOMA,PETROL,17.88,157497.18
2025-10-04,MPOPOMA,MPOPOMA,MPOPOMA USD PETROL,26.49,39.26
2025-10-04,R MUGABE,R MUGABE,R MUGABE USD DIESEL,28.69,42.0
2025-10-04,R MUGABE,R MUGABE,R MUGABE USD PETROL,88.81,133.76
2025-10-05,CHINHOYI MAIN,CHINHOYI MAIN,CHINHOYI MAIN USD PETROL,240.52,367.2
2025-10-05,FIFE STREET,FIFE STREET,FIFE USD PETROL,401.33,601.5
2025-10-05,FORT STREET,FORT STREET,FORT USD PETROL,426.57,647.52
2025-10-05,KADOMA,KADOMA,DIESEL,106.08,991220.84
2025-10-05,MARONDERA,MARONDERA,MARONDERA USD DIESEL,472.85,693.84
2025-10-05,MARONDERA,MARONDERA,MARONDERA USD PETROL,331.12,499.81
2025-10-05,MPOPOMA,MPOPOMA,MPOPOMA USD PETROL,26.49,39.26
2025-10-05,R MUGABE,R MUGABE,R MUGABE USD DIESEL,59.99,88.5
2025-10-05,R MUGABE,R MUGABE,R MUGABE USD PETROL,92.1,139.84
2025-10-06,CHINHOYI MAIN,CHINHOYI MAIN,CHINHOYI MAIN USD PETROL,403.67,616.59
2025-10-06,FIFE STREET,FIFE STREET,FIFE USD PETROL,105.8,157.5
2025-10-06,FORT STREET,FORT STREET,FORT USD PETROL,3.94,4.56
2025-10-06,MARONDERA,MARONDERA,MARONDERA USD DIESEL,136.05,199.92
2025-10-06,MARONDERA,MARONDERA,MARONDERA USD PETROL,149.13,224.99
2025-10-06,MPOPOMA,MPOPOMA,MPOPOMA USD PETROL,39.74,58.89
2025-10-06,R MUGABE,R MUGABE,R MUGABE USD DIESEL,25.0,37.5
2025-10-06,R MUGABE,R MUGABE,R MUGABE USD PETROL,32.89,48.64
2025-10-07,CHINHOYI MAIN,CHINHOYI MAIN,CHINHOYI MAIN USD PETROL,357.51,546.21
2025-10-07,FIFE STREET,FIFE STREET,FIFE USD PETROL,196.66,294.0
2025-10-07,FORT STREET,FORT STREET,FORT USD DIESEL,329.31,483.63
2025-10-07,FORT STREET,FORT STREET,FORT USD PETROL,72.36,109.44
2025-10-07,KADOMA,KADOMA,PETROL,13.24,120439.02
2025-10-07,MARONDERA,MARONDERA,MARONDERA USD DIESEL,146.93,214.62
2025-10-07,MPOPOMA,MPOPOMA,MPOPOMA USD PETROL,39.74,58.89
2025-10-07,R MUGABE,R MUGABE,R MUGABE USD DIESEL,63.06,94.5
2025-10-08,CHINHOYI MAIN,CHINHOYI MAIN,CHINHOYI MAIN USD PETROL,328.75,501.84
2025-10-08,FIFE STREET,FIFE STREET,FIFE USD PETROL,177.33,265.5
2025-10-08,FORT STREET,FORT STREET,FORT USD DIESEL,335.81,492.45
2025-10-08,KHAMI,KHAMI,KHAMI BULK DIESEL USD,2025.89,2936.25
2025-10-08,MARONDERA,MARONDERA,MARONDERA USD DIESEL,66.92,97.02
2025-10-08,MARONDERA,MARONDERA,MARONDERA USD PETROL,50.74,75.5
2025-10-08,MPOPOMA,MPOPOMA,MPOPOMA USD PETROL,20.52,30.2
2025-10-08,R MUGABE,R MUGABE,R MUGABE USD DIESEL,26.67,39.0
2025-10-08,R MUGABE,R MUGABE,R MUGABE USD PETROL,16.44,24.32
2025-10-09,CHINHOYI MAIN,CHINHOYI MAIN,CHINHOYI MAIN USD PETROL,41.17,62.73
2025-10-09,FIFE STREET,FIFE STREET,FIFE USD PETROL,399.26,598.5
2025-10-09,FORT STREET,FORT STREET,FORT USD DIESEL,333.33,489.51
2025-10-09,KHAMI,KHAMI,KHAMI BULK DIESEL USD,1451.02,2103.95
2025-10-09,KHAMI,KHAMI,KHAMI USD PETROL,51.65,77.01
2025-10-09,MARONDERA,MARONDERA,MARONDERA USD DIESEL,440.0,646.8
2025-10-09,MARONDERA,MARONDERA,MARONDERA USD PETROL,52.58,78.52
2025-10-09,MPOPOMA,MPOPOMA,MPOPOMA USD PETROL,13.25,19.63
2025-10-09,R MUGABE,R MUGABE,R MUGABE USD DIESEL,43.32,64.5
2025-10-09,R MUGABE,R MUGABE,R MUGABE USD PETROL,9.86,13.68
2025-10-09,ROADPORT,ROADPORT,ROAPORT USD PETROL,114.93,175.56
2025-10-10,CHINHOYI MAIN,CHINHOYI MAIN,CHINHOYI MAIN USD PETROL,251.71,384.03
2025-10-10,FIFE STREET,FIFE STREET,FIFE USD PETROL,322.66,483.0
2025-10-10,FORT STREET,FORT STREET,FORT USD DIESEL,347.61,510.09
2025-10-10,KHAMI,KHAMI,KHAMI BULK DIESEL USD,2494.81,3616.3
2025-10-10,MARONDERA,MARONDERA,MARONDERA USD DIESEL,81.92,119.07
2025-10-10,MARONDERA,MARONDERA,MARONDERA USD PETROL,80.64,120.8
2025-10-10,MPOPOMA,MPOPOMA,MPOPOMA USD PETROL,13.25,19.63
2025-10-10,R MUGABE,R MUGABE,R MUGABE USD PETROL,9.86,13.68
2025-10-10,ROADPORT,ROADPORT,ROADPORT USD DIESEL,49.61,74.48
2025-10-10,ROADPORT,ROADPORT,ROADPORT USD DIESEL BUS,175.67,259.0
2025-10-10,ROADPORT,ROADPORT,ROAPORT USD PETROL,133.76,204.82
2025-10-11,CHINHOYI MAIN,CHINHOYI MAIN,CHINHOYI MAIN USD DIESEL,26.49,39.0
2025-10-11,FIFE STREET,FIFE STREET,FIFE USD PETROL,392.03,586.5
2025-10-11,FORT STREET,FORT STREET,FORT USD PETROL,118.42,179.36
2025-10-11,KHAMI,KHAMI,KHAMI BULK DIESEL USD,917.58,1347.99
2025-10-11,KHAMI,KHAMI,KHAMI USD PETROL,33.11,49.83
2025-10-11,MARONDERA,MARONDERA,MARONDERA USD PETROL,145.03,218.95
2025-10-11,MPOPOMA,MPOPOMA,MPOPOMA USD DIESEL,27.02,39.96
2025-10-11,MPOPOMA,MPOPOMA,MPOPOMA USD PETROL,52.98,78.52
2025-10-11,R MUGABE,R MUGABE,R MUGABE USD DIESEL,33.33,49.5
2025-10-11,R MUGABE,R MUGABE,R MUGABE USD PETROL,57.23,86.64
2025-10-11,ROADPORT,ROADPORT,ROADPORT USD DIESEL,39.47,59.28
2025-10-11,ROADPORT,ROADPORT,ROADPORT USD DIESEL BUS,200.0,296.0
2025-10-11,ROADPORT,ROADPORT,ROAPORT USD PETROL,99.02,152.46
2025-10-11,SUNWAY CITY,SUNWAY CITY,SUNWAY USD DIESEL,189.44,283.5
2025-10-11,SUNWAY CITY,SUNWAY CITY,SUNWAY USD PETROL,434.43,659.68
2025-10-12,CHINHOYI MAIN,CHINHOYI MAIN,CHINHOYI MAIN USD PETROL,262.08,400.86
2025-10-12,FIFE STREET,FIFE STREET,FIFE USD PETROL,214.46,323.76
2025-10-12,FORT STREET,FORT STREET,FORT USD PETROL,115.13,174.8
2025-10-12,KHAMI,KHAMI,KHAMI BULK DIESEL USD,450.0,661.5
2025-10-12,KHAMI,KHAMI,KHAMI USD PETROL,280.77,422.8
2025-10-12,MARONDERA,MARONDERA,MARONDERA USD DIESEL,13.17,19.11
2025-10-12,MARONDERA,MARONDERA,MARONDERA USD PETROL,270.76,407.7
2025-10-12,MPOPOMA,MPOPOMA,MPOPOMA USD PETROL,39.74,58.89
2025-10-12,ROADPORT,ROADPORT,ROADPORT USD DIESEL,13.15,19.76
2025-10-12,ROADPORT,ROADPORT,ROAPORT USD PETROL,63.63,97.02
2025-10-12,SUNWAY CITY,SUNWAY CITY,SUNWAY USD DIESEL,305.64,457.5
2025-10-12,SUNWAY CITY,SUNWAY CITY,SUNWAY USD PETROL,204.29,310.08
2025-10-13,CHINHOYI MAIN,CHINHOYI MAIN,CHINHOYI MAIN USD PETROL,147.71,224.91
2025-10-13,FIFE STREET,FIFE STREET,FIFE USD PETROL,339.45,515.28
2025-10-13,KHAMI,KHAMI,KHAMI BULK DIESEL USD,175.68,257.25
2025-10-13,KHAMI,KHAMI,KHAMI USD PETROL,19.86,28.69
2025-10-13,MARONDERA,MARONDERA,MARONDERA USD DIESEL,120.71,176.4
2025-10-13,MARONDERA,MARONDERA,MARONDERA USD PETROL,290.29,437.9
2025-10-13,MPOPOMA,MPOPOMA,MPOPOMA USD PETROL,138.41,208.38
2025-10-13,R MUGABE,R MUGABE,R MUGABE USD DIESEL,73.33,109.5
2025-10-13,R MUGABE,R MUGABE,R MUGABE USD PETROL,32.89,48.64
2025-10-13,ROADPORT,ROADPORT,ROAPORT USD PETROL,44.5,67.76
2025-10-14,CHINHOYI MAIN,CHINHOYI MAIN,CHINHOYI MAIN USD PETROL,120.91,183.6
2025-10-14,FORT STREET,FORT STREET,FORT USD PETROL,43.42,65.36
2025-10-14,MARONDERA,MARONDERA,MARONDERA USD DIESEL,27.22,39.69
2025-10-14,MARONDERA,MARONDERA,MARONDERA USD PETROL,212.5,320.12
2025-10-14,MPOPOMA,MPOPOMA,MPOPOMA USD PETROL,59.93,89.09
2025-10-14,MSASA,MSASA,MSASA USD PETROL,247.74,382.85
2025-10-14,R MUGABE,R MUGABE,R MUGABE USD DIESEL,20.0,30.0
2025-10-14,R MUGABE,R MUGABE,R MUGABE USD PETROL,68.41,103.36
2025-10-14,ROADPORT,ROADPORT,ROADPORT USD DIESEL,32.89,48.64
2025-10-14,ROADPORT,ROADPORT,ROAPORT USD PETROL,115.06,177.1
2025-10-15,CHINHOYI MAIN,CHINHOYI MAIN,CHINHOYI MAIN USD PETROL,147.05,224.91
2025-10-15,FIFE STREET,FIFE STREET,FIFE USD PETROL,289.79,439.28
2025-10-15,FORT STREET,FORT STREET,FORT USD PETROL,332.89,504.64
2025-10-15,GWERU,GWERU,GWERU BULK DIESEL USD,1685.96,2476.95
2025-10-15,GWERU,GWERU,PETROL,13.24,121421.3
2025-10-15,MARONDERA,MARONDERA,MARONDERA USD DIESEL,178.68,263.44
2025-10-15,MARONDERA,MARONDERA,MARONDERA USD PETROL,196.68,297.92
2025-10-15,R MUGABE,R MUGABE,R MUGABE USD DIESEL,16.16,24.0
2025-10-15,R MUGABE,R MUGABE,R MUGABE USD PETROL,35.51,53.2
2025-10-15,ROADPORT,ROADPORT,ROADPORT USD DIESEL,82.23,124.64
2025-10-15,ROADPORT,ROADPORT,ROAPORT USD PETROL,142.19,218.68
2025-10-16,CHINHOYI MAIN,CHINHOYI MAIN,CHINHOYI MAIN USD PETROL,124.83,189.72
2025-10-16,FIFE STREET,FIFE STREET,FIFE USD PETROL,397.65,603.44
2025-10-16,FORT STREET,FORT STREET,FORT USD PETROL,160.52,243.2
2025-10-16,GWERU,GWERU,PETROL,36.42,336243.6
2025-10-16,MARONDERA,MARONDERA,MARONDERA USD PETROL,178.42,270.56
2025-10-16,MPOPOMA,MPOPOMA,MPOPOMA USD PETROL,38.74,57.38
2025-10-16,R MUGABE,R MUGABE,R MUGABE USD DIESEL,30.0,45.0
2025-10-16,ROADPORT,ROADPORT,ROAPORT USD PETROL,75.65,115.5
2025-10-17,CHINHOYI MAIN,CHINHOYI MAIN,CHINHOYI MAIN USD PETROL,171.24,261.63
2025-10-17,FIFE STREET,FIFE STREET,FIFE USD PETROL,259.17,392.16
2025-10-17,FORT STREET,FORT STREET,FORT USD PETROL,79.06,120.08
2025-10-17,GWERU,GWERU,GWERU BULK DIESEL USD,1494.0,2196.18
2025-10-17,GWERU,GWERU,PETROL,72.84,672487.2
2025-10-17,MARONDERA,MARONDERA,MARONDERA USD PETROL,309.2,469.68
2025-10-17,MPOPOMA,MPOPOMA,MPOPOMA USD PETROL,6.62,9.06
2025-10-17,R MUGABE,R MUGABE,R MUGABE USD DIESEL,76.66,114.0
2025-10-17,R MUGABE,R MUGABE,R MUGABE USD PETROL,46.05,69.92
2025-10-17,ROADPORT,ROADPORT,ROADPORT USD DIESEL,26.31,39.52
2025-10-17,ROADPORT,ROADPORT,ROAPORT USD PETROL,196.75,301.84
2025-10-18,CHINHOYI MAIN,CHINHOYI MAIN,CHINHOYI MAIN USD PETROL,126.97,192.78
2025-10-18,FIFE STREET,FIFE STREET,FIFE USD PETROL,242.48,366.32
2025-10-18,FORT STREET,FORT STREET,FORT USD PETROL,132.22,200.64
2025-10-18,MARONDERA,MARONDERA,MARONDERA USD PETROL,307.23,466.64
2025-10-18,MPOPOMA,MPOPOMA,MPOPOMA USD PETROL,47.68,70.97
2025-10-18,R MUGABE,R MUGABE,R MUGABE USD DIESEL,32.65,48.0
2025-10-18,R MUGABE,R MUGABE,R MUGABE USD PETROL,49.99,74.48
2025-10-18,ROADPORT,ROADPORT,ROAPORT USD PETROL,42.53,64.68
2025-10-19,CHINHOYI MAIN,CHINHOYI MAIN,CHINHOYI MAIN USD PETROL,80.39,122.4
2025-10-19,FIFE STREET,FIFE STREET,FIFE USD PETROL,357.89,542.64
2025-10-19,FORT STREET,FORT STREET,FORT USD PETROL,143.88,217.36
2025-10-19,MARONDERA,MARONDERA,MARONDERA USD DIESEL,513.51,759.24
2025-10-19,MARONDERA,MARONDERA,MARONDERA USD PETROL,18.36,27.36
2025-10-19,MPOPOMA,MPOPOMA,MPOPOMA USD PETROL,82.78,123.82
2025-10-19,R MUGABE,R MUGABE,R MUGABE USD DIESEL,70.0,105.0
2025-10-19,R MUGABE,R MUGABE,R MUGABE USD PETROL,156.57,237.12
2025-10-19,ROADPORT,ROADPORT,ROAPORT USD PETROL,61.03,93.94
2025-10-20,CHINHOYI MAIN,CHINHOYI MAIN,CHINHOYI MAIN USD PETROL,140.52,214.2
2025-10-20,FIFE STREET,FIFE STREET,FIFE USD PETROL,196.04,296.4
2025-10-20,FORT STREET,FORT STREET,FORT USD PETROL,141.44,214.32
2025-10-20,MARONDERA,MARONDERA,MARONDERA USD PETROL,395.3,600.4
2025-10-20,MPOPOMA,MPOPOMA,MPOPOMA USD PETROL,104.64,157.04
2025-10-20,R MUGABE,R MUGABE,R MUGABE USD PETROL,3.94,4.56
2025-10-20,ROADPORT,ROADPORT,ROAPORT USD PETROL,14.28,21.56
2025-10-21,CHINHOYI MAIN,CHINHOYI MAIN,CHINHOYI MAIN USD PETROL,152.61,232.56
2025-10-21,FIFE STREET,FIFE STREET,FIFE USD PETROL,369.6,559.36
2025-10-21,FORT STREET,FORT STREET,FORT USD DIESEL,538.67,796.24
2025-10-21,MARONDERA,MARONDERA,MARONDERA USD PETROL,215.13,322.5
2025-10-21,MPOPOMA,MPOPOMA,MPOPOMA USD PETROL,79.47,119.29
2025-10-21,R MUGABE,R MUGABE,R MUGABE USD PETROL,34.21,51.68
2025-10-21,ROADPORT,ROADPORT,ROAPORT USD PETROL,175.32,269.5
2025-10-22,CHINHOYI MAIN,CHINHOYI MAIN,CHINHOYI MAIN USD PETROL,203.27,310.59
2025-10-22,FIFE STREET,FIFE STREET,FIFE USD PETROL,360.51,547.2
2025-10-22,FORT STREET,FORT STREET,FORT USD PETROL,105.26,159.6
2025-10-22,MARONDERA,MARONDERA,MARONDERA USD DIESEL,230.82,335.8
2025-10-22,MPOPOMA,MPOPOMA,MPOPOMA USD PETROL,9.93,13.59
2025-10-22,ROADPORT,ROADPORT,ROAPORT USD PETROL,75.97,115.5
2025-10-23,CHINHOYI MAIN,CHINHOYI MAIN,CHINHOYI MAIN USD PETROL,84.31,128.52
2025-10-23,FIFE STREET,FIFE STREET,FIFE USD PETROL,291.96,442.32
2025-10-23,MARONDERA,MARONDERA,MARONDERA USD DIESEL,135.47,197.1
2025-10-23,MARONDERA,MARONDERA,MARONDERA USD PETROL,13.48,19.5
2025-10-23,MPOPOMA,MPOPOMA,MPOPOMA USD PETROL,9.93,13.59
2025-10-23,R MUGABE,R MUGABE,R MUGABE USD PETROL,52.63,79.04
2025-10-23,ROADPORT,ROADPORT,ROADPORT USD DIESEL,36.18,54.72
2025-10-23,ROADPORT,ROADPORT,ROAPORT USD PETROL,111.03,170.94
2025-10-23,SAMORA,SAMORA,SAMORA USD PETROL,62.5,94.24
2025-10-24,CHINHOYI MAIN,CHINHOYI MAIN,CHINHOYI MAIN USD DIESEL,105.36,158.55
2025-10-24,CHINHOYI MAIN,CHINHOYI MAIN,CHINHOYI MAIN USD PETROL,217.64,332.01
2025-10-24,FIFE STREET,FIFE STREET,FIFE USD DIESEL,369.58,544.64
2025-10-24,FORT STREET,FORT STREET,FORT USD DIESEL,464.86,686.72
2025-10-24,MARONDERA,MARONDERA,MARONDERA USD DIESEL,180.43,262.8
2025-10-24,MARONDERA,MARONDERA,MARONDERA USD PETROL,81.18,121.5
2025-10-24,MPOPOMA,MPOPOMA,MPOPOMA USD PETROL,13.24,19.63
2025-10-24,R MUGABE,R MUGABE,R MUGABE USD DIESEL,13.33,19.5
2025-10-24,R MUGABE,R MUGABE,R MUGABE USD PETROL,32.89,48.64
2025-10-24,ROADPORT,ROADPORT,ROADPORT USD DIESEL,9725.0,14782.0
2025-10-24,ROADPORT,ROADPORT,ROAPORT USD PETROL,176.46,271.04
2025-10-24,SAMORA,SAMORA,SAMORA USD PETROL,98.68,148.96
2025-10-24,SUNWAY CITY,SUNWAY CITY,SUNWAY USD DIESEL,104.0,156.0
2025-10-24,SUNWAY CITY,SUNWAY CITY,SUNWAY USD PETROL,432.23,656.64
2025-10-25,CHINHOYI MAIN,CHINHOYI MAIN,CHINHOYI MAIN USD PETROL,352.05,538.56
2025-10-25,FIFE STREET,FIFE STREET,FIFE USD PETROL,26.31,39.52
2025-10-25,FORT STREET,FORT STREET,FORT USD PETROL,286.18,434.72
2025-10-25,MARONDERA,MARONDERA,MARONDERA USD DIESEL,822.01,1200.12
2025-10-25,MARONDERA,MARONDERA,MARONDERA USD PETROL,109.24,163.5
2025-10-25,MPOPOMA,MPOPOMA,MPOPOMA USD PETROL,13.24,19.76
2025-10-25,R MUGABE,R MUGABE,R MUGABE USD DIESEL,60.0,90.0
2025-10-25,R MUGABE,R MUGABE,R MUGABE USD PETROL,129.03,196.08
2025-10-25,ROADPORT,ROADPORT,ROADPORT USD DIESEL,26.31,39.52
2025-10-25,ROADPORT,ROADPORT,ROAPORT USD PETROL,257.79,395.78
2025-10-25,SAMORA,SAMORA,SAMORA USD PETROL,75.0,114.0
2025-10-25,SUNWAY CITY,SUNWAY CITY,SUNWAY USD DIESEL,924.39,1386.0
2025-10-25,SUNWAY CITY,SUNWAY CITY,SUNWAY USD PETROL,880.32,1337.6
2025-10-26,CHINHOYI MAIN,CHINHOYI MAIN,CHINHOYI MAIN USD PETROL,122.87,186.66
2025-10-26,FIFE STREET,FIFE STREET,FIFE USD DIESEL,400.0,592.0
2025-10-26,FIFE STREET,FIFE STREET,FIFE USD PETROL,65.79,98.8
2025-10-26,FORT STREET,FORT STREET,FORT USD PETROL,227.0,345.04
2025-10-26,MARONDERA,MARONDERA,MARONDERA USD DIESEL,282.87,411.72
2025-10-26,MPOPOMA,MPOPOMA,MPOPOMA USD PETROL,17.1,25.84
2025-10-26,R MUGABE,R MUGABE,R MUGABE USD DIESEL,40.0,60.0
2025-10-26,R MUGABE,R MUGABE,R MUGABE USD PETROL,13.81,19.76
2025-10-26,ROADPORT,ROADPORT,ROADPORT USD DIESEL,49.34,74.48
2025-10-26,ROADPORT,ROADPORT,ROADPORT USD DIESEL BUS,168.91,248.64
2025-10-26,ROADPORT,ROADPORT,ROAPORT USD PETROL,118.87,181.72
2025-10-27,CHINHOYI MAIN,CHINHOYI MAIN,CHINHOYI MAIN USD PETROL,138.56,211.14
2025-10-27,FORT STREET,FORT STREET,FORT USD PETROL,379.72,576.08
2025-10-27,GWERU,GWERU,GWERU USD PETROL,23.17,34.73
2025-10-27,MARONDERA,MARONDERA,MARONDERA USD PETROL,311.48,466.5
2025-10-27,MPOPOMA,MPOPOMA,MPOPOMA BULK DIESEL USD,450.95,661.5
2025-10-27,R MUGABE,R MUGABE,R MUGABE USD DIESEL,40.0,60.0
2025-10-27,R MUGABE,R MUGABE,R MUGABE USD PETROL,63.15,95.76
2025-10-27,ROADPORT,ROADPORT,ROADPORT USD DIESEL,19.73,28.88
2025-10-27,ROADPORT,ROADPORT,ROAPORT USD PETROL,42.2,64.68
2025-10-27,SUNWAY CITY,SUNWAY CITY,SUNWAY USD DIESEL,648.0,972.0
2025-10-28,CHINHOYI MAIN,CHINHOYI MAIN,CHINHOYI MAIN USD PETROL,284.95,434.52
2025-10-28,FIFE STREET,FIFE STREET,FIFE USD PETROL,10.52,15.2
2025-10-28,FORT STREET,FORT STREET,FORT USD DIESEL,318.42,470.64
2025-10-28,MARONDERA,MARONDERA,MARONDERA USD PETROL,255.33,382.5
2025-10-28,MPOPOMA,MPOPOMA,MPOPOMA USD PETROL,42.76,63.84
2025-10-28,MSASA,MSASA,MSASA USD PETROL,67.59,103.85
2025-10-28,ROADPORT,ROADPORT,ROAPORT USD PETROL,188.96,289.52
2025-10-29,CHINHOYI MAIN,CHINHOYI MAIN,CHINHOYI MAIN USD PETROL,250.32,382.5
2025-10-29,FIFE STREET,FIFE STREET,FIFE USD PETROL,167.76,253.84
2025-10-29,FORT STREET,FORT STREET,FORT USD DIESEL,870.57,1287.6
2025-10-29,GWERU,GWERU,GWERU USD PETROL,135.76,203.85
2025-10-29,MARONDERA,MARONDERA,MARONDERA USD DIESEL,80.47,116.8
2025-10-29,MARONDERA,MARONDERA,MARONDERA USD PETROL,107.46,160.5
2025-10-29,MPOPOMA,MPOPOMA,MPOPOMA BULK DIESEL USD,2403.0,3532.41
2025-10-29,MSASA,MSASA,MSASA USD PETROL,361.82,559.55
2025-10-29,R MUGABE,R MUGABE,R MUGABE USD DIESEL,36.65,54.0
2025-10-29,R MUGABE,R MUGABE,R MUGABE USD PETROL,55.25,83.6
2025-10-29,ROADPORT,ROADPORT,ROAPORT USD PETROL,219.44,337.26
2025-10-30,CHINHOYI MAIN,CHINHOYI MAIN,CHINHOYI MAIN USD PETROL,137.25,209.61
2025-10-30,FIFE STREET,FIFE STREET,FIFE USD PETROL,282.07,427.12
2025-10-30,FORT STREET,FORT STREET,FORT USD DIESEL,670.27,991.6
2025-10-30,GWERU,GWERU,GWERU USD PETROL,347.01,523.97
2025-10-30,MARONDERA,MARONDERA,MARONDERA USD PETROL,102.66,153.0
2025-10-30,MPOPOMA,MPOPOMA,MPOPOMA BULK DIESEL USD,2623.1,3855.81
2025-10-30,MSASA,MSASA,MSASA USD DIESEL,304.27,471.2
2025-10-30,R MUGABE,R MUGABE,R MUGABE USD DIESEL,155.07,232.5
2025-10-30,R MUGABE,R MUGABE,R MUGABE USD PETROL,80.13,121.6
2025-10-30,ROADPORT,ROADPORT,ROADPORT USD DIESEL,29.6,44.08
2025-10-30,ROADPORT,ROADPORT,ROAPORT USD PETROL,168.74,258.72
2025-10-31,CHINHOYI MAIN,CHINHOYI MAIN,CHINHOYI MAIN USD PETROL,39.86,59.67
2025-10-31,FIFE STREET,FIFE STREET,FIFE USD PETROL,523.02,793.44
2025-10-31,FORT STREET,FORT STREET,FORT USD DIESEL,249.32,368.52
2025-10-31,GWERU,GWERU,GWERU USD PETROL,263.57,397.13
2025-10-31,MARONDERA,MARONDERA,MARONDERA USD PETROL,478.0,717.0
2025-10-31,MPOPOMA,MPOPOMA,MPOPOMA BULK DIESEL USD,1793.3,2635.71
2025-10-31,MSASA,MSASA,MSASA USD PETROL,308.49,477.4
2025-10-31,R MUGABE,R MUGABE,R MUGABE USD DIESEL,46.18,69.0
2025-10-31,R MUGABE,R MUGABE,R MUGABE USD PETROL,13.15,19.76
2025-10-31,ROADPORT,ROADPORT,ROAPORT USD PETROL,244.15,375.76
2025-11-01,CHINHOYI MAIN,CHINHOYI MAIN,CHINHOYI MAIN USD PETROL,81.04,123.93
2025-11-01,FIFE STREET,FIFE STREET,FIFE USD PETROL,488.81,740.24
2025-11-01,GWERU,GWERU,GWERU USD PETROL,217.21,329.84
2025-11-01,MARONDERA,MARONDERA,MARONDERA USD DIESEL,312.23,455.52
2025-11-01,MARONDERA,MARONDERA,MARONDERA USD PETROL,50.43,75.0
2025-11-01,MPOPOMA,MPOPOMA,MPOPOMA BULK DIESEL USD,1557.36,2288.79
2025-11-01,MSASA,MSASA,MSASA USD PETROL,298.3,461.9
2025-11-01,R MUGABE,R MUGABE,R MUGABE USD DIESEL,126.67,189.0
2025-11-01,ROADPORT,ROADPORT,ROADPORT USD DIESEL,133.55,204.82
2025-11-01,ROADPORT,ROADPORT,ROAPORT USD PETROL,101.94,156.55
2025-11-01,SAMORA,SAMORA,SAMORA USD PETROL,267.76,405.84
2025-11-02,CHINHOYI MAIN,CHINHOYI MAIN,CHINHOYI MAIN USD PETROL,59.47,90.27
2025-11-02,FIFE STREET,FIFE STREET,FIFE USD PETROL,268.09,405.84
2025-11-02,FORT STREET,FORT STREET,FORT USD PETROL,30.92,45.6
2025-11-02,GWERU,GWERU,GWERU USD DIESEL,204.69,303.96
2025-11-02,MARONDERA,MARONDERA,MARONDERA USD DIESEL,578.77,843.88
2025-11-02,MARONDERA,MARONDERA,MARONDERA USD PETROL,13.66,19.5
2025-11-02,MPOPOMA,MPOPOMA,PETROL,50.66,474561.0
2025-11-02,R MUGABE,R MUGABE,R MUGABE USD DIESEL,20.0,30.0
2025-11-03,CHINHOYI MAIN,CHINHOYI MAIN,CHINHOYI MAIN USD PETROL,79.09,120.87
2025-11-03,FIFE STREET,FIFE STREET,FIFE USD PETROL,258.45,392.16
2025-11-03,FORT STREET,FORT STREET,FORT USD PETROL,154.3,234.08
2025-11-03,GWERU,GWERU,GWERU USD PETROL,84.21,127.68
2025-11-03,MARONDERA,MARONDERA,MARONDERA USD DIESEL,271.44,395.66
2025-11-03,MARONDERA,MARONDERA,MARONDERA USD PETROL,20.98,30.0
2025-11-03,MPOPOMA,MPOPOMA,MPOPOMA USD PETROL,108.55,164.16
2025-11-04,CHINHOYI MAIN,CHINHOYI MAIN,CHINHOYI MAIN USD DIESEL,268.62,404.68
2025-11-04,FIFE STREET,FIFE STREET,FIFE USD PETROL,320.05,484.88
2025-11-04,FORT STREET,FORT STREET,FORT USD PETROL,65.13,98.8
2025-11-04,GWERU,GWERU,GWERU USD PETROL,121.71,183.92
2025-11-04,MARONDERA,MARONDERA,MARONDERA USD DIESEL,141.37,205.86
2025-11-04,MARONDERA,MARONDERA,MARONDERA USD PETROL,213.88,319.5
2025-11-04,R MUGABE,R MUGABE,R MUGABE USD PETROL,20.77,30.8
2025-11-04,SUNWAY CITY,SUNWAY CITY,SUNWAY USD DIESEL,187.33,280.5
2025-11-04,SUNWAY CITY,SUNWAY CITY,SUNWAY USD PETROL,102.63,155.04
2025-11-05,CHINHOYI MAIN,CHINHOYI MAIN,CHINHOYI MAIN USD DIESEL,161.13,243.11
2025-11-05,CHINHOYI MAIN,CHINHOYI MAIN,CHINHOYI MAIN USD PETROL,69.53,105.57
2025-11-05,FIFE STREET,FIFE STREET,FIFE USD PETROL,553.77,840.56
2025-11-05,FORT STREET,FORT STREET,FORT USD PETROL,65.78,98.8
2025-11-05,GWERU,GWERU,GWERU USD PETROL,19.73,28.88
2025-11-05,MARONDERA,MARONDERA,MARONDERA USD DIESEL,151.72,220.46
2025-11-05,MARONDERA,MARONDERA,MARONDERA USD PETROL,82.32,123.0
2025-11-05,MPOPOMA,MPOPOMA,MPOPOMA USD PETROL,13.15,19.76
2025-11-05,R MUGABE,R MUGABE,R MUGABE USD DIESEL,13.13,19.5
2025-11-05,R MUGABE,R MUGABE,R MUGABE USD PETROL,25.97,38.5
2025-11-05,SUNWAY CITY,SUNWAY CITY,SUNWAY USD DIESEL,381.36,571.5
2025-11-05,SUNWAY CITY,SUNWAY CITY,SUNWAY USD PETROL,513.15,779.76
2025-11-06,CHINHOYI MAIN,CHINHOYI MAIN,CHINHOYI MAIN USD PETROL,153.58,232.56
2025-11-06,FIFE STREET,FIFE STREET,FIFE USD PETROL,741.68,1126.32
2025-11-06,GWERU,GWERU,GWERU USD PETROL,164.47,249.28
2025-11-06,MARONDERA,MARONDERA,MARONDERA USD DIESEL,283.87,413.18
2025-11-06,MARONDERA,MARONDERA,MARONDERA USD PETROL,95.03,142.5
2025-11-06,MPOPOMA,MPOPOMA,MPOPOMA USD PETROL,236.84,358.72
2025-11-06,R MUGABE,R MUGABE,R MUGABE USD DIESEL,4432.0,6648.0
2025-11-06,R MUGABE,R MUGABE,R MUGABE USD PETROL,77.91,118.58
2025-11-07,CHINHOYI MAIN,CHINHOYI MAIN,CHINHOYI MAIN USD PETROL,216.99,330.48
2025-11-07,FIFE STREET,FIFE STREET,FIFE USD PETROL,463.79,703.76
2025-11-07,FORT STREET,FORT STREET,FORT USD PETROL,576.97,875.52
2025-11-07,GWERU,GWERU,GWERU USD PETROL,57.89,86.64
2025-11-07,MARONDERA,MARONDERA,MARONDERA USD DIESEL,365.06,532.9
2025-11-07,MARONDERA,MARONDERA,MARONDERA USD PETROL,113.33,169.5
2025-11-07,MPOPOMA,MPOPOMA,MPOPOMA USD PETROL,13.15,19.76
2025-11-08,CHINHOYI MAIN,CHINHOYI MAIN,CHINHOYI MAIN USD PETROL,166.66,253.98
2025-11-08,FIFE STREET,FIFE STREET,FIFE USD PETROL,579.82,880.08
2025-11-08,FORT STREET,FORT STREET,FORT USD PETROL,340.78,516.8
2025-11-08,GWERU,GWERU,GWERU USD PETROL,53.28,80.56
2025-11-08,KHAMI,KHAMI,KHAMI BULK DIESEL USD,1676.25,2463.72
2025-11-08,MARONDERA,MARONDERA,MARONDERA USD DIESEL,114.38,166.44
2025-11-08,MARONDERA,MARONDERA,MARONDERA USD PETROL,340.66,510.0
2025-11-08,MPOPOMA,MPOPOMA,MPOPOMA USD PETROL,58.72,88.16
2025-11-08,R MUGABE,R MUGABE,R MUGABE USD DIESEL,126.4,189.0
2025-11-08,R MUGABE,R MUGABE,R MUGABE USD PETROL,32.46,49.28
2025-11-09,CHINHOYI MAIN,CHINHOYI MAIN,CHINHOYI MAIN USD PETROL,246.41,376.38
2025-11-09,FIFE STREET,FIFE STREET,FIFE USD PETROL,343.81,521.36
2025-11-09,FORT STREET,FORT STREET,FORT USD PETROL,347.4,527.44
2025-11-09,GWERU,GWERU,GWERU USD PETROL,18.42,27.36
2025-11-09,KHAMI,KHAMI,KHAMI BULK DIESEL USD,1510.14,2219.7
2025-11-09,KHAMI,KHAMI,KHAMI USD PETROL,39.72,59.28
2025-11-09,MPOPOMA,MPOPOMA,MPOPOMA USD PETROL,156.31,237.12
2025-11-09,R MUGABE,R MUGABE,R MUGABE USD PETROL,72.7,110.88
2025-11-09,ROADPORT,ROADPORT,ROADPORT USD DIESEL,51.94,78.54
2025-11-09,ROADPORT,ROADPORT,ROAPORT USD PETROL,142.85,218.68
2025-11-10,CHINHOYI MAIN,CHINHOYI MAIN,CHINHOYI MAIN USD PETROL,285.62,436.05
2025-11-10,FIFE STREET,FIFE STREET,FIFE USD PETROL,131.57,199.12
2025-11-10,FORT STREET,FORT STREET,FORT USD PETROL,189.86,287.28
2025-11-10,GWERU,GWERU,GWERU USD PETROL,26.97,39.52
2025-11-10,KHAMI,KHAMI,KHAMI BULK DIESEL USD,159.86,233.73
2025-11-10,MARONDERA,MARONDERA,MARONDERA USD PETROL,770.26,1155.0
2025-11-10,MPOPOMA,MPOPOMA,MPOPOMA USD PETROL,42.76,63.84
2025-11-10,R MUGABE,R MUGABE,R MUGABE USD PETROL,131.1,201.74
2025-11-10,ROADPORT,ROADPORT,ROADPORT USD DIESEL,6.49,9.24
2025-11-10,ROADPORT,ROADPORT,ROAPORT USD PETROL,218.83,335.72
2025-11-11,CHINHOYI MAIN,CHINHOYI MAIN,CHINHOYI MAIN USD PETROL,92.81,140.76
2025-11-11,FIFE STREET,FIFE STREET,FIFE USD PETROL,389.45,589.76
2025-11-11,FORT STREET,FORT STREET,FORT USD PETROL,39.47,59.28
2025-11-11,GWERU,GWERU,GWERU USD DIESEL,286.57,426.14
2025-11-11,KHAMI,KHAMI,KHAMI USD PETROL,194.07,294.88
2025-11-11,MARONDERA,MARONDERA,MARONDERA USD PETROL,300.38,450.0
2025-11-11,MPOPOMA,MPOPOMA,MPOPOMA USD PETROL,19.73,28.88
2025-11-11,R MUGABE,R MUGABE,R MUGABE USD PETROL,125.97,192.5
2025-11-11,ROADPORT,ROADPORT,ROAPORT USD PETROL,98.7,150.92
2025-11-12,CHINHOYI MAIN,CHINHOYI MAIN,CHINHOYI MAIN USD PETROL,132.02,201.96
2025-11-12,FIFE STREET,FIFE STREET,FIFE USD PETROL,353.61,536.56
2025-11-12,FORT STREET,FORT STREET,FORT USD PETROL,270.39,410.4
2025-11-12,GWERU,GWERU,GWERU USD PETROL,13.42,19.76
2025-11-12,KHAMI,KHAMI,KHAMI USD PETROL,19.73,28.88
2025-11-12,MARONDERA,MARONDERA,MARONDERA USD DIESEL,466.7,685.02
2025-11-12,MARONDERA,MARONDERA,MARONDERA USD PETROL,8.94,12.0
2025-11-12,MPOPOMA,MPOPOMA,MPOPOMA USD PETROL,13.15,19.76
2025-11-12,R MUGABE,R MUGABE,R MUGABE USD DIESEL,207.26,310.5
2025-11-12,R MUGABE,R MUGABE,R MUGABE USD PETROL,6.49,9.24
2025-11-12,ROADPORT,ROADPORT,ROADPORT USD DIESEL,29.22,44.66
2025-11-12,ROADPORT,ROADPORT,ROAPORT USD PETROL,270.12,415.8
2025-11-13,CHINHOYI MAIN,CHINHOYI MAIN,CHINHOYI MAIN USD PETROL,69.64,105.57
2025-11-13,FIFE STREET,FIFE STREET,FIFE USD PETROL,341.04,516.8
2025-11-13,FORT STREET,FORT STREET,FORT USD PETROL,544.86,826.88
2025-11-13,GWERU,GWERU,GWERU BULK DIESEL USD,491.0,721.77
2025-11-13,MARONDERA,MARONDERA,MARONDERA USD DIESEL,599.5,880.53
2025-11-13,MPOPOMA,MPOPOMA,MPOPOMA BULK DIESEL USD,340.13,499.8
2025-11-13,MPOPOMA,MPOPOMA,MPOPOMA USD PETROL,361.84,548.72
2025-11-13,MSASA,MSASA,MSASA USD PETROL,84.41,129.36
2025-11-13,R MUGABE,R MUGABE,R MUGABE USD DIESEL,72.36,109.44
2025-11-13,R MUGABE,R MUGABE,R MUGABE USD PETROL,34.4,52.36
2025-11-13,ROADPORT,ROADPORT,ROAPORT USD PETROL,93.5,143.22
2025-11-14,CHINHOYI MAIN,CHINHOYI MAIN,CHINHOYI MAIN USD PETROL,54.54,83.16
2025-11-14,FIFE STREET,FIFE STREET,FIFE USD DIESEL,264.8,390.72
2025-11-14,FIFE STREET,FIFE STREET,FIFE USD PETROL,211.03,320.72
2025-11-14,FORT STREET,FORT STREET,FORT USD PETROL,160.58,243.2
2025-11-14,GWERU,GWERU,GWERU BULK DIESEL USD,2706.81,3977.82
2025-11-14,GWERU,GWERU,PETROL,39.47,364263.9
2025-11-14,MARONDERA,MARONDERA,MARONDERA USD PETROL,258.88,387.0
2025-11-14,MPOPOMA,MPOPOMA,MPOPOMA USD PETROL,9.74,13.86
2025-11-14,MSASA,MSASA,MSASA USD PETROL,322.02,495.88
2025-11-14,R MUGABE,R MUGABE,R MUGABE USD DIESEL,51.94,78.54
2025-11-14,R MUGABE,R MUGABE,R MUGABE USD PETROL,103.88,158.62
2025-11-14,ROADPORT,ROADPORT,ROADPORT USD DIESEL,45.45,69.3
2025-11-14,ROADPORT,ROADPORT,ROAPORT USD PETROL,291.05,448.14
2025-11-15,CHINHOYI MAIN,CHINHOYI MAIN,CHINHOYI MAIN USD PETROL,373.11,574.42
2025-11-15,FIFE STREET,FIFE STREET,FIFE USD PETROL,467.2,717.64
2025-11-15,GWERU,GWERU,GWERU BULK DIESEL USD,601.6,883.47
2025-11-15,GWERU,GWERU,PETROL,105.26,980710.5
2025-11-15,MARONDERA,MARONDERA,MARONDERA USD DIESEL,282.56,414.54
2025-11-15,MARONDERA,MARONDERA,MARONDERA USD PETROL,21.76,31.5
2025-11-15,MPOPOMA,MPOPOMA,MPOPOMA USD DIESEL,12.98,18.48
2025-11-15,R MUGABE,R MUGABE,R MUGABE USD DIESEL,55.19,84.7
2025-11-15,R MUGABE,R MUGABE,R MUGABE USD PETROL,101.94,155.54
2025-11-15,ROADPORT,ROADPORT,ROADPORT USD DIESEL,179.11,275.66
2025-11-15,ROADPORT,ROADPORT,ROAPORT USD PETROL,322.72,495.88
2025-11-16,CHINHOYI MAIN,CHINHOYI MAIN,CHINHOYI MAIN USD PETROL,205.84,315.7
2025-11-16,FIFE STREET,FIFE STREET,FIFE USD PETROL,237.65,363.44
2025-11-16,FORT STREET,FORT STREET,FORT USD PETROL,148.05,227.92
2025-11-16,GWERU,GWERU,GWERU BULK DIESEL USD,1478.72,2172.66
2025-11-16,MARONDERA,MARONDERA,MARONDERA USD PETROL,324.66,486.0
2025-11-16,MPOPOMA,MPOPOMA,MPOPOMA USD PETROL,108.44,166.32
2025-11-16,R MUGABE,R MUGABE,R MUGABE USD DIESEL,19.48,29.26
2025-11-16,R MUGABE,R MUGABE,R MUGABE USD PETROL,14.27,21.56
2025-11-16,ROADPORT,ROADPORT,ROAPORT USD PETROL,116.88,178.64
2025-11-17,CHINHOYI MAIN,CHINHOYI MAIN,CHINHOYI MAIN USD PETROL,247.4,380.38
2025-11-17,FIFE STREET,FIFE STREET,FIFE USD PETROL,243.5,374.22
2025-11-17,FORT STREET,FORT STREET,FORT USD PETROL,18.18,27.72
2025-11-17,GWERU,GWERU,GWERU BULK DIESEL USD,400.0,588.0
2025-11-17,MARONDERA,MARONDERA,MARONDERA USD DIESEL,45.63,66.15
2025-11-17,MARONDERA,MARONDERA,MARONDERA USD PETROL,363.28,544.5
2025-11-17,MPOPOMA,MPOPOMA,MPOPOMA USD PETROL,30.51,46.2
2025-11-17,R MUGABE,R MUGABE,R MUGABE USD DIESEL,73.37,112.42
2025-11-17,R MUGABE,R MUGABE,R MUGABE USD PETROL,55.19,84.7
2025-11-17,ROADPORT,ROADPORT,ROADPORT USD DIESEL,45.45,69.3
2025-11-17,ROADPORT,ROADPORT,ROAPORT USD PETROL,98.7,150.92
2025-11-18,CHINHOYI MAIN,CHINHOYI MAIN,CHINHOYI MAIN USD PETROL,35.71,53.9
2025-11-18,FIFE STREET,FIFE STREET,FIFE USD PETROL,250.0,385.0
2025-11-18,FORT STREET,FORT STREET,FORT USD PETROL,140.9,215.6
2025-11-18,MARONDERA,MARONDERA,MARONDERA USD DIESEL,149.01,219.03
2025-11-18,MARONDERA,MARONDERA,MARONDERA USD PETROL,37.97,55.5
2025-11-18,MPOPOMA,MPOPOMA,MPOPOMA USD PETROL,90.9,138.6
2025-11-18,R MUGABE,R MUGABE,R MUGABE USD PETROL,61.68,93.94
2025-11-18,ROADPORT,ROADPORT,ROADPORT USD DIESEL,24.67,36.96
2025-11-18,ROADPORT,ROADPORT,ROAPORT USD PETROL,101.29,155.54
2025-11-19,CHINHOYI MAIN,CHINHOYI MAIN,CHINHOYI MAIN USD PETROL,95.45,146.3
2025-11-19,FIFE STREET,FIFE STREET,FIFE USD PETROL,218.17,334.18
2025-11-19,FORT STREET,FORT STREET,FORT USD PETROL,114.93,175.56
2025-11-19,GWERU,GWERU,GWERU USD DIESEL,453.02,674.97
2025-11-19,MARONDERA,MARONDERA,MARONDERA USD DIESEL,117.68,171.99
2025-11-19,MPOPOMA,MPOPOMA,MPOPOMA USD PETROL,107.14,164.78
2025-11-19,R MUGABE,R MUGABE,R MUGABE USD PETROL,14.93,21.56
2025-11-19,ROADPORT,ROADPORT,ROAPORT USD PETROL,77.27,118.58
2025-11-20,CHINHOYI MAIN,CHINHOYI MAIN,CHINHOYI MAIN USD PETROL,127.23,195.58
2025-11-20,FIFE STREET,FIFE STREET,FIFE USD PETROL,193.73,297.22
2025-11-20,FORT STREET,FORT STREET,FORT USD PETROL,140.9,215.6
2025-11-20,GWERU,GWERU,GWERU USD PETROL,169.73,256.88
2025-11-20,MARONDERA,MARONDERA,MARONDERA USD PETROL,179.33,268.5
2025-11-20,R MUGABE,R MUGABE,R MUGABE USD PETROL,58.44,89.32
2025-11-20,ROADPORT,ROADPORT,ROAPORT USD PETROL,65.58,100.1
2025-11-21,CHINHOYI MAIN,CHINHOYI MAIN,CHINHOYI MAIN USD PETROL,128.57,197.12
2025-11-21,FIFE STREET,FIFE STREET,FIFE USD PETROL,302.23,465.08
2025-11-21,FORT STREET,FORT STREET,FORT USD PETROL,190.9,292.6
2025-11-21,GWERU,GWERU,GWERU USD DIESEL,134.22,199.66
2025-11-21,MARONDERA,MARONDERA,MARONDERA USD DIESEL,195.23,286.65
2025-11-21,MARONDERA,MARONDERA,MARONDERA USD PETROL,130.0,195.0
2025-11-21,MPOPOMA,MPOPOMA,MPOPOMA USD PETROL,72.72,110.88
2025-11-21,R MUGABE,R MUGABE,R MUGABE USD DIESEL,64.93,98.56
2025-11-21,R MUGABE,R MUGABE,R MUGABE USD PETROL,35.7,52.36
2025-11-21,ROADPORT,ROADPORT,ROADPORT USD DIESEL,18.18,27.72
2025-11-21,ROADPORT,ROADPORT,ROADPORT USD DIESEL BUS,425.67,629.0
2025-11-21,ROADPORT,ROADPORT,ROAPORT USD PETROL,191.81,294.14
2025-11-22,CHINHOYI MAIN,CHINHOYI MAIN,CHINHOYI MAIN USD PETROL,255.76,392.7
2025-11-22,FIFE STREET,FIFE STREET,FIFE USD PETROL,409.45,628.32
2025-11-22,FORT STREET,FORT STREET,FORT USD DIESEL,533.11,820.82
2025-11-22,GWERU,GWERU,GWERU USD PETROL,51.31,77.52
2025-11-22,MARONDERA,MARONDERA,MARONDERA USD DIESEL,359.89,527.73
2025-11-22,MARONDERA,MARONDERA,MARONDERA USD PETROL,285.86,427.5
2025-11-22,MPOPOMA,MPOPOMA,MPOPOMA USD PETROL,22.72,33.88
2025-11-22,R MUGABE,R MUGABE,R MUGABE USD DIESEL,122.33,187.88
2025-11-22,R MUGABE,R MUGABE,R MUGABE USD PETROL,14.28,21.56
2025-11-22,ROADPORT,ROADPORT,ROADPORT USD DIESEL,29.22,44.66
2025-11-22,ROADPORT,ROADPORT,ROAPORT USD PETROL,179.96,275.66
2025-11-23,CHINHOYI MAIN,CHINHOYI MAIN,CHINHOYI MAIN USD PETROL,201.29,309.54
2025-11-23,FIFE STREET,FIFE STREET,FIFE USD PETROL,457.01,702.24
2025-11-23,FORT STREET,FORT STREET,FORT USD PETROL,443.27,682.22
2025-11-23,GWERU,GWERU,GWERU USD PETROL,323.02,490.96
2025-11-23,MARONDERA,MARONDERA,MARONDERA USD DIESEL,249.71,366.03
2025-11-23,MARONDERA,MARONDERA,MARONDERA USD PETROL,160.41,240.0
2025-11-23,MPOPOMA,MPOPOMA,MPOPOMA USD PETROL,16.88,24.64
2025-11-23,R MUGABE,R MUGABE,R MUGABE USD PETROL,62.98,95.48
2025-11-23,ROADPORT,ROADPORT,ROADPORT USD DIESEL,22.72,33.88
2025-11-23,ROADPORT,ROADPORT,ROAPORT USD PETROL,181.16,278.74
2025-11-24,CHINHOYI MAIN,CHINHOYI MAIN,CHINHOYI MAIN USD DIESEL,195.94,296.4
2025-11-24,CHINHOYI MAIN,CHINHOYI MAIN,CHINHOYI MAIN USD PETROL,62.98,95.48
2025-11-24,FIFE STREET,FIFE STREET,FIFE USD PETROL,268.17,411.18
2025-11-24,FORT STREET,FORT STREET,FORT USD PETROL,45.45,69.3
2025-11-24,MARONDERA,MARONDERA,MARONDERA USD PETROL,799.34,1198.5
2025-11-24,MPOPOMA,MPOPOMA,MPOPOMA USD PETROL,25.97,38.5
2025-11-24,R MUGABE,R MUGABE,R MUGABE USD DIESEL,12.98,18.48
2025-11-24,R MUGABE,R MUGABE,R MUGABE USD PETROL,125.88,192.5
2025-11-24,ROADPORT,ROADPORT,ROADPORT USD DIESEL,6.49,9.24
2025-11-24,ROADPORT,ROADPORT,ROAPORT USD PETROL,108.44,166.32
2025-11-25,CHINHOYI MAIN,CHINHOYI MAIN,CHINHOYI MAIN USD DIESEL,197.36,299.44
2025-11-25,CHINHOYI MAIN,CHINHOYI MAIN,CHINHOYI MAIN USD PETROL,254.54,391.16
2025-11-25,FIFE STREET,FIFE STREET,FIFE USD PETROL,357.13,548.24
2025-11-25,FORT STREET,FORT STREET,FORT USD PETROL,64.93,98.56
2025-11-25,MARONDERA,MARONDERA,MARONDERA USD DIESEL,214.58,314.58
2025-11-25,MARONDERA,MARONDERA,MARONDERA USD PETROL,127.04,190.5
2025-11-25,MPOPOMA,MPOPOMA,MPOPOMA USD PETROL,12.98,18.48
2025-11-25,R MUGABE,R MUGABE,R MUGABE USD PETROL,127.27,195.58
2025-11-25,ROADPORT,ROADPORT,ROAPORT USD PETROL,142.85,218.68
2025-11-26,CHINHOYI MAIN,CHINHOYI MAIN,CHINHOYI MAIN USD PETROL,197.4,303.38
2025-11-26,FIFE STREET,FIFE STREET,FIFE USD PETROL,401.28,617.54
2025-11-26,FORT STREET,FORT STREET,FORT USD PETROL,106.49,163.24
2025-11-26,GWERU,GWERU,GWERU USD PETROL,26.31,39.52
2025-11-26,MARONDERA,MARONDERA,MARONDERA USD DIESEL,83.45,122.01
2025-11-26,MARONDERA,MARONDERA,MARONDERA USD PETROL,445.95,667.5
2025-11-26,MPOPOMA,MPOPOMA,MPOPOMA BULK DIESEL USD,250.0,370.0
2025-11-26,MPOPOMA,MPOPOMA,MPOPOMA USD PETROL,6.49,9.24
2025-11-26,R MUGABE,R MUGABE,R MUGABE USD PETROL,231.81,355.74
2025-11-26,ROADPORT,ROADPORT,ROAPORT USD PETROL,374.02,575.96
2025-11-27,CHINHOYI MAIN,CHINHOYI MAIN,CHINHOYI MAIN USD PETROL,318.52,489.72
2025-11-27,FIFE STREET,FIFE STREET,FIFE USD PETROL,212.97,326.48
2025-11-27,FORT STREET,FORT STREET,FORT USD PETROL,239.09,368.06
2025-11-27,GWERU,GWERU,GWERU USD DIESEL,36.24,53.64
2025-11-27,MARONDERA,MARONDERA,MARONDERA USD DIESEL,190.47,285.0
2025-11-27,MARONDERA,MARONDERA,MARONDERA USD PETROL,235.33,352.5
2025-11-27,MPOPOMA,MPOPOMA,MPOPOMA USD PETROL,41.55,63.14
2025-11-27,MSASA,MSASA,MSASA USD PETROL,372.72,572.88
2025-11-27,R MUGABE,R MUGABE,R MUGABE USD PETROL,74.67,113.96
2025-11-27,ROADPORT,ROADPORT,ROADPORT USD DIESEL,32.46,49.28
2025-11-27,ROADPORT,ROADPORT,ROAPORT USD PETROL,435.06,669.9
2025-11-28,CHINHOYI MAIN,CHINHOYI MAIN,CHINHOYI MAIN USD PETROL,170.77,261.8
2025-11-28,FORT STREET,FORT STREET,FORT USD PETROL,493.87,759.22
2025-11-28,MARONDERA,MARONDERA,MARONDERA USD DIESEL,271.45,406.5
2025-11-28,MPOPOMA,MPOPOMA,MPOPOMA USD DIESEL,203.47,312.62
2025-11-28,MPOPOMA,MPOPOMA,MPOPOMA USD PETROL,85.97,130.9
2025-11-28,MSASA,MSASA,MSASA USD PETROL,334.14,514.36
2025-11-28,R MUGABE,R MUGABE,R MUGABE USD PETROL,160.38,246.4
2025-11-28,ROADPORT,ROADPORT,ROADPORT USD DIESEL,71.42,109.34
2025-11-28,ROADPORT,ROADPORT,ROAPORT USD PETROL,403.89,620.62
2025-11-29,CHINHOYI MAIN,CHINHOYI MAIN,CHINHOYI MAIN USD PETROL,20.77,30.8
2025-11-29,FIFE STREET,FIFE STREET,FIFE USD PETROL,458.14,703.78
2025-11-29,FORT STREET,FORT STREET,FORT USD PETROL,190.9,292.6
2025-11-29,GWERU,GWERU,GWERU USD PETROL,172.54,263.16
2025-11-29,MARONDERA,MARONDERA,MARONDERA USD PETROL,398.66,597.0
2025-11-29,MPOPOMA,MPOPOMA,MPOPOMA USD PETROL,206.36,317.24
2025-11-29,MSASA,MSASA,MSASA USD PETROL,492.69,757.68
2025-11-29,R MUGABE,R MUGABE,R MUGABE USD DIESEL,135.58,207.9
2025-11-29,R MUGABE,R MUGABE,R MUGABE USD PETROL,25.97,38.5
2025-11-29,ROADPORT,ROADPORT,ROADPORT USD DIESEL,87.66,133.98
2025-11-29,ROADPORT,ROADPORT,ROAPORT USD PETROL,227.92,349.58
2025-11-30,CHINHOYI MAIN,CHINHOYI MAIN,CHINHOYI MAIN USD PETROL,113.63,174.02
2025-11-30,FIFE STREET,FIFE STREET,FIFE USD PETROL,413.63,636.02
2025-11-30,MARONDERA,MARONDERA,MARONDERA USD DIESEL,438.86,657.0
2025-11-30,MARONDERA,MARONDERA,MARONDERA USD PETROL,33.14,49.5
2025-11-30,MPOPOMA,MPOPOMA,MPOPOMA USD PETROL,59.09,90.86
2025-11-30,MSASA,MSASA,MSASA USD PETROL,372.62,572.88
2025-11-30,R MUGABE,R MUGABE,R MUGABE USD PETROL,128.5,197.12
2025-11-30,ROADPORT,ROADPORT,ROADPORT USD DIESEL BUS,146.66,219.0
2025-11-30,ROADPORT,ROADPORT,ROAPORT USD PETROL,145.44,223.3
2025-12-01,CHINHOYI MAIN,CHINHOYI MAIN,CHINHOYI MAIN USD PETROL,396.75,609.84
2025-12-01,FIFE STREET,FIFE STREET,FIFE USD PETROL,352.58,542.08
2025-12-01,FORT STREET,FORT STREET,FORT USD PETROL,220.12,338.8
2025-12-01,GWERU,GWERU,GWERU USD PETROL,32.67,48.96
2025-12-01,MARONDERA,MARONDERA,MARONDERA USD DIESEL,310.0,465.0
2025-12-01,MPOPOMA,MPOPOMA,MPOPOMA USD PETROL,48.7,73.92
2025-12-01,MSASA,MSASA,MSASA USD PETROL,338.31,520.52
2025-12-01,R MUGABE,R MUGABE,R MUGABE USD DIESEL,166.66,255.64
2025-12-01,ROADPORT,ROADPORT,ROADPORT USD DIESEL,6.49,9.24
2025-12-01,ROADPORT,ROADPORT,ROADPORT USD DIESEL BUS,170.0,255.0
2025-12-01,ROADPORT,ROADPORT,ROAPORT USD PETROL,142.19,218.68
2025-12-02,CHINHOYI MAIN,CHINHOYI MAIN,CHINHOYI MAIN USD PETROL,306.49,471.24
2025-12-02,FIFE STREET,FIFE STREET,FIFE USD PETROL,340.25,522.06
2025-12-02,FORT STREET,FORT STREET,FORT USD PETROL,246.1,378.84
2025-12-02,GWERU,GWERU,GWERU USD DIESEL,378.66,567.0
2025-12-02,MARONDERA,MARONDERA,MARONDERA USD DIESEL,251.12,376.5
2025-12-02,MARONDERA,MARONDERA,MARONDERA USD PETROL,25.71,37.5
2025-12-02,MPOPOMA,MPOPOMA,MPOPOMA USD PETROL,422.07,649.88
2025-12-02,MSASA,MSASA,MSASA USD PETROL,248.76,381.92
2025-12-02,R MUGABE,R MUGABE,R MUGABE USD DIESEL,113.47,174.02
2025-12-02,ROADPORT,ROADPORT,ROADPORT USD DIESEL,60.38,92.4
2025-12-02,ROADPORT,ROADPORT,ROAPORT USD PETROL,183.11,281.82
2025-12-03,CHINHOYI MAIN,CHINHOYI MAIN,CHINHOYI MAIN USD PETROL,207.79,318.78
2025-12-03,FIFE STREET,FIFE STREET,FIFE USD DIESEL,324.02,498.96
2025-12-03,FIFE STREET,FIFE STREET,FIFE USD PETROL,167.14,257.18
2025-12-03,FORT STREET,FORT STREET,FORT USD PETROL,134.41,206.36
2025-12-03,GWERU,GWERU,GWERU USD PETROL,93.46,142.29
2025-12-03,MARONDERA,MARONDERA,MARONDERA USD PETROL,587.24,880.5
2025-12-03,MPOPOMA,MPOPOMA,MPOPOMA USD PETROL,19.48,29.26
2025-12-03,MSASA,MSASA,MSASA USD PETROL,458.66,705.32
2025-12-03,R MUGABE,R MUGABE,R MUGABE USD DIESEL,45.45,69.3
2025-12-03,ROADPORT,ROADPORT,ROADPORT USD DIESEL,129.25,198.66
2025-12-03,ROADPORT,ROADPORT,ROAPORT USD PETROL,185.06,284.9
2025-12-04,CHINHOYI MAIN,CHINHOYI MAIN,CHINHOYI MAIN USD DIESEL,452.68,691.56
2025-12-04,FIFE STREET,FIFE STREET,FIFE USD PETROL,401.1,616.0
2025-12-04,FORT STREET,FORT STREET,FORT USD PETROL,1079.48,1661.66
2025-12-04,GWERU,GWERU,GWERU USD DIESEL,317.76,475.5
2025-12-04,MARONDERA,MARONDERA,MARONDERA USD PETROL,398.04,597.0
2025-12-04,MPOPOMA,MPOPOMA,MPOPOMA USD PETROL,45.45,69.3
2025-12-04,MSASA,MSASA,MSASA USD PETROL,723.07,1113.42
2025-12-04,R MUGABE,R MUGABE,R MUGABE USD DIESEL,91.55,140.14
2025-12-04,R MUGABE,R MUGABE,R MUGABE USD PETROL,51.94,78.54
2025-12-05,CHINHOYI MAIN,CHINHOYI MAIN,CHINHOYI MAIN USD PETROL,341.55,525.14
2025-12-05,FORT STREET,FORT STREET,FORT USD PETROL,181.81,278.74
2025-12-05,GWERU,GWERU,GWERU USD PETROL,64.7,97.92
2025-12-05,MARONDERA,MARONDERA,MARONDERA USD PETROL,423.06,634.5
2025-12-05,MPOPOMA,MPOPOMA,MPOPOMA USD PETROL,6.49,9.24
2025-12-05,R MUGABE,R MUGABE,R MUGABE USD DIESEL,38.96,58.52
2025-12-05,R MUGABE,R MUGABE,R MUGABE USD PETROL,788.95,1213.52
2025-12-06,CHINHOYI MAIN,CHINHOYI MAIN,CHINHOYI MAIN USD DIESEL,500.0,765.0
2025-12-06,CHINHOYI MAIN,CHINHOYI MAIN,CHINHOYI MAIN USD PETROL,132.69,203.28
2025-12-06,FIFE STREET,FIFE STREET,FIFE USD PETROL,253.14,389.62
2025-12-06,FORT STREET,FORT STREET,FORT USD PETROL,18.82,27.72
2025-12-06,GWERU,GWERU,GWERU USD PETROL,30.32,46.5
2025-12-06,MARONDERA,MARONDERA,MARONDERA USD PETROL,397.08,603.44
2025-12-06,R MUGABE,R MUGABE,R MUGABE USD DIESEL,82.69,127.92
2025-12-06,R MUGABE,R MUGABE,R MUGABE USD PETROL,150.63,234.0
2025-12-07,CHINHOYI MAIN,CHINHOYI MAIN,CHINHOYI MAIN USD DIESEL,500.0,775.0
2025-12-07,CHINHOYI MAIN,CHINHOYI MAIN,CHINHOYI MAIN USD PETROL,395.51,616.2
2025-12-07,FIFE STREET,FIFE STREET,FIFE USD PETROL,392.08,609.96
2025-12-07,FORT STREET,FORT STREET,FORT USD PETROL,6.41,9.36
2025-12-07,GWERU,GWERU,GWERU USD PETROL,54.83,83.7
2025-12-07,MARONDERA,MARONDERA,MARONDERA USD PETROL,217.26,329.84
2025-12-07,MPOPOMA,MPOPOMA,MPOPOMA USD PETROL,246.96,383.76
2025-12-07,R MUGABE,R MUGABE,R MUGABE USD DIESEL,38.46,59.28
2025-12-07,R MUGABE,R MUGABE,R MUGABE USD PETROL,9.61,14.04
2025-12-08,CHINHOYI MAIN,CHINHOYI MAIN,CHINHOYI MAIN USD PETROL,161.53,251.16
2025-12-08,FIFE STREET,FIFE STREET,FIFE USD PETROL,173.2,268.32
2025-12-08,FORT STREET,FORT STREET,FORT USD PETROL,5.76,7.8
2025-12-08,GWERU,GWERU,GWERU USD PETROL,38.7,58.9
2025-12-08,MARONDERA,MARONDERA,MARONDERA USD PETROL,310.52,471.2
2025-12-08,R MUGABE,R MUGABE,R MUGABE USD PETROL,37.17,57.72
2025-12-09,CHINHOYI MAIN,CHINHOYI MAIN,CHINHOYI MAIN USD PETROL,67.94,104.52
2025-12-09,FORT STREET,FORT STREET,FORT USD PETROL,248.71,386.88
2025-12-09,GWERU,GWERU,GWERU USD PETROL,85.16,131.75
2025-12-09,MARONDERA,MARONDERA,MARONDERA USD PETROL,374.32,568.48
2025-12-09,R MUGABE,R MUGABE,R MUGABE USD PETROL,80.12,124.8
2025-12-09,SUNWAY CITY,SUNWAY CITY,SUNWAY USD DIESEL,419.23,653.64
2025-12-09,SUNWAY CITY,SUNWAY CITY,SUNWAY USD PETROL,296.79,461.76
2025-12-10,CHINHOYI MAIN,CHINHOYI MAIN,CHINHOYI MAIN USD PETROL,62.17,96.72
2025-12-10,FIFE STREET,FIFE STREET,FIFE USD PETROL,449.44,700.44
2025-12-10,FORT STREET,FORT STREET,FORT USD PETROL,370.51,577.2
2025-12-10,GWERU,GWERU,GWERU USD PETROL,81.29,125.55
2025-12-10,MARONDERA,MARONDERA,MARONDERA USD PETROL,82.89,124.64
2025-12-10,MPOPOMA,MPOPOMA,MPOPOMA USD PETROL,51.28,79.56
2025-12-10,R MUGABE,R MUGABE,R MUGABE USD PETROL,9.61,14.04
2025-12-10,SUNWAY CITY,SUNWAY CITY,SUNWAY USD PETROL,687.17,1071.72
2025-12-11,CHINHOYI MAIN,CHINHOYI MAIN,CHINHOYI MAIN USD PETROL,244.23,380.64
2025-12-11,FIFE STREET,FIFE STREET,FIFE USD PETROL,289.34,449.28
2025-12-11,GWERU,GWERU,GWERU USD PETROL,174.19,269.7
2025-12-11,MARONDERA,MARONDERA,MARONDERA USD DIESEL,66.15,100.32
2025-12-11,MARONDERA,MARONDERA,MARONDERA USD PETROL,285.27,433.2
2025-12-11,MPOPOMA,MPOPOMA,MPOPOMA USD PETROL,12.82,18.72
2025-12-11,R MUGABE,R MUGABE,R MUGABE USD DIESEL,25.64,39.0
2025-12-11,R MUGABE,R MUGABE,R MUGABE USD PETROL,98.71,152.88
2025-12-11,ROADPORT,ROADPORT,ROAPORT USD PETROL,406.76,633.36
2025-12-11,SUNWAY CITY,SUNWAY CITY,SUNWAY USD DIESEL,494.87,770.64
